device,sweep,bias,vg,vd,vs,vb,phig_eV,id_A,abs_id_A,id_uA_per_um,ig_A
nsfet_n,IdVg,0.05,0.000000,0.050000,0.000000,0.000000,4.500,2.89787412e-12,2.89787412e-12,2.41489510e-05,0.00000000e+00
nsfet_n,IdVg,0.05,0.006000,0.050000,0.000000,0.000000,4.500,3.57732262e-12,3.57732262e-12,2.98110218e-05,0.00000000e+00
nsfet_n,IdVg,0.05,0.012000,0.050000,0.000000,0.000000,4.500,4.41828495e-12,4.41828495e-12,3.68190412e-05,0.00000000e+00
nsfet_n,IdVg,0.05,0.018000,0.050000,0.000000,0.000000,4.500,5.45879000e-12,5.45879000e-12,4.54899167e-05,0.00000000e+00
nsfet_n,IdVg,0.05,0.024000,0.050000,0.000000,0.000000,4.500,6.74533904e-12,6.74533904e-12,5.62111587e-05,0.00000000e+00
nsfet_n,IdVg,0.05,0.030000,0.050000,0.000000,0.000000,4.500,8.33484915e-12,8.33484915e-12,6.94570762e-05,0.00000000e+00
nsfet_n,IdVg,0.05,0.036000,0.050000,0.000000,0.000000,4.500,1.02977262e-11,1.02977262e-11,8.58143852e-05,0.00000000e+00
nsfet_n,IdVg,0.05,0.042000,0.050000,0.000000,0.000000,4.500,1.27204960e-11,1.27204960e-11,1.06004134e-04,0.00000000e+00
nsfet_n,IdVg,0.05,0.048000,0.050000,0.000000,0.000000,4.500,1.57102959e-11,1.57102959e-11,1.30919132e-04,0.00000000e+00
nsfet_n,IdVg,0.05,0.054000,0.050000,0.000000,0.000000,4.500,1.93982919e-11,1.93982919e-11,1.61652433e-04,0.00000000e+00
nsfet_n,IdVg,0.05,0.060000,0.050000,0.000000,0.000000,4.500,2.39472321e-11,2.39472321e-11,1.99560268e-04,0.00000000e+00
nsfet_n,IdVg,0.05,0.066000,0.050000,0.000000,0.000000,4.500,2.95583738e-11,2.95583738e-11,2.46319782e-04,0.00000000e+00
nsfet_n,IdVg,0.05,0.072000,0.050000,0.000000,0.000000,4.500,3.64800809e-11,3.64800809e-11,3.04000674e-04,0.00000000e+00
nsfet_n,IdVg,0.05,0.078000,0.050000,0.000000,0.000000,4.500,4.50189331e-11,4.50189331e-11,3.75157776e-04,0.00000000e+00
nsfet_n,IdVg,0.05,0.084000,0.050000,0.000000,0.000000,4.500,5.55545068e-11,5.55545068e-11,4.62954224e-04,0.00000000e+00
nsfet_n,IdVg,0.05,0.090000,0.050000,0.000000,0.000000,4.500,6.85559249e-11,6.85559249e-11,5.71299374e-04,0.00000000e+00
nsfet_n,IdVg,0.05,0.096000,0.050000,0.000000,0.000000,4.500,8.46029979e-11,8.46029979e-11,7.05024982e-04,0.00000000e+00
nsfet_n,IdVg,0.05,0.102000,0.050000,0.000000,0.000000,4.500,1.04413964e-10,1.04413964e-10,8.70116365e-04,0.00000000e+00
nsfet_n,IdVg,0.05,0.108000,0.050000,0.000000,0.000000,4.500,1.28877540e-10,1.28877540e-10,1.07397950e-03,0.00000000e+00
nsfet_n,IdVg,0.05,0.114000,0.050000,0.000000,0.000000,4.500,1.59094004e-10,1.59094004e-10,1.32578337e-03,0.00000000e+00
nsfet_n,IdVg,0.05,0.120000,0.050000,0.000000,0.000000,4.500,1.96426181e-10,1.96426181e-10,1.63688484e-03,0.00000000e+00
nsfet_n,IdVg,0.05,0.126000,0.050000,0.000000,0.000000,4.500,2.42566299e-10,2.42566299e-10,2.02138582e-03,0.00000000e+00
nsfet_n,IdVg,0.05,0.132000,0.050000,0.000000,0.000000,4.500,2.99617126e-10,2.99617126e-10,2.49680938e-03,0.00000000e+00
nsfet_n,IdVg,0.05,0.138000,0.050000,0.000000,0.000000,4.500,3.70188857e-10,3.70188857e-10,3.08490714e-03,0.00000000e+00
nsfet_n,IdVg,0.05,0.144000,0.050000,0.000000,0.000000,4.500,4.57526566e-10,4.57526566e-10,3.81272138e-03,0.00000000e+00
nsfet_n,IdVg,0.05,0.150000,0.050000,0.000000,0.000000,4.500,5.65664991e-10,5.65664991e-10,4.71387493e-03,0.00000000e+00
nsfet_n,IdVg,0.05,0.156000,0.050000,0.000000,0.000000,4.500,6.99619905e-10,6.99619905e-10,5.83016588e-03,0.00000000e+00
nsfet_n,IdVg,0.05,0.162000,0.050000,0.000000,0.000000,4.500,8.65627889e-10,8.65627889e-10,7.21356574e-03,0.00000000e+00
nsfet_n,IdVg,0.05,0.168000,0.050000,0.000000,0.000000,4.500,1.07143177e-09,1.07143177e-09,8.92859811e-03,0.00000000e+00
nsfet_n,IdVg,0.05,0.174000,0.050000,0.000000,0.000000,4.500,1.32663716e-09,1.32663716e-09,1.10553096e-02,0.00000000e+00
nsfet_n,IdVg,0.05,0.180000,0.050000,0.000000,0.000000,4.500,1.64314302e-09,1.64314302e-09,1.36928585e-02,0.00000000e+00
nsfet_n,IdVg,0.05,0.186000,0.050000,0.000000,0.000000,4.500,2.03567362e-09,2.03567362e-09,1.69639468e-02,0.00000000e+00
nsfet_n,IdVg,0.05,0.192000,0.050000,0.000000,0.000000,4.500,2.52244993e-09,2.52244993e-09,2.10204161e-02,0.00000000e+00
nsfet_n,IdVg,0.05,0.198000,0.050000,0.000000,0.000000,4.500,3.12597111e-09,3.12597111e-09,2.60497593e-02,0.00000000e+00
nsfet_n,IdVg,0.05,0.204000,0.050000,0.000000,0.000000,4.500,3.87399061e-09,3.87399061e-09,3.22832551e-02,0.00000000e+00
nsfet_n,IdVg,0.05,0.210000,0.050000,0.000000,0.000000,4.500,4.80069671e-09,4.80069671e-09,4.00058059e-02,0.00000000e+00
nsfet_n,IdVg,0.05,0.216000,0.050000,0.000000,0.000000,4.500,5.94815645e-09,5.94815645e-09,4.95679704e-02,0.00000000e+00
nsfet_n,IdVg,0.05,0.222000,0.050000,0.000000,0.000000,4.500,7.36805462e-09,7.36805462e-09,6.14004552e-02,0.00000000e+00
nsfet_n,IdVg,0.05,0.228000,0.050000,0.000000,0.000000,4.500,9.12379537e-09,9.12379537e-09,7.60316281e-02,0.00000000e+00
nsfet_n,IdVg,0.05,0.234000,0.050000,0.000000,0.000000,4.500,1.12930256e-08,1.12930256e-08,9.41085464e-02,0.00000000e+00
nsfet_n,IdVg,0.05,0.240000,0.050000,0.000000,0.000000,4.500,1.39706903e-08,1.39706903e-08,1.16422419e-01,0.00000000e+00
nsfet_n,IdVg,0.05,0.246000,0.050000,0.000000,0.000000,4.500,1.72726867e-08,1.72726867e-08,1.43939056e-01,0.00000000e+00
nsfet_n,IdVg,0.05,0.252000,0.050000,0.000000,0.000000,4.500,2.13402856e-08,2.13402856e-08,1.77835713e-01,0.00000000e+00
nsfet_n,IdVg,0.05,0.258000,0.050000,0.000000,0.000000,4.500,2.63454807e-08,2.63454807e-08,2.19545673e-01,0.00000000e+00
nsfet_n,IdVg,0.05,0.264000,0.050000,0.000000,0.000000,4.500,3.24974855e-08,3.24974855e-08,2.70812379e-01,0.00000000e+00
nsfet_n,IdVg,0.05,0.270000,0.050000,0.000000,0.000000,4.500,4.00506787e-08,4.00506787e-08,3.33755656e-01,0.00000000e+00
nsfet_n,IdVg,0.05,0.276000,0.050000,0.000000,0.000000,4.500,4.93142331e-08,4.93142331e-08,4.10951943e-01,0.00000000e+00
nsfet_n,IdVg,0.05,0.282000,0.050000,0.000000,0.000000,4.500,6.06649689e-08,6.06649689e-08,5.05541407e-01,0.00000000e+00
nsfet_n,IdVg,0.05,0.288000,0.050000,0.000000,0.000000,4.500,7.45618804e-08,7.45618804e-08,6.21349003e-01,0.00000000e+00
nsfet_n,IdVg,0.05,0.294000,0.050000,0.000000,0.000000,4.500,9.15641119e-08,9.15641119e-08,7.63034266e-01,0.00000000e+00
nsfet_n,IdVg,0.05,0.300000,0.050000,0.000000,0.000000,4.500,1.12353338e-07,1.12353338e-07,9.36277818e-01,0.00000000e+00
nsfet_n,IdVg,0.05,0.306000,0.050000,0.000000,0.000000,4.500,1.37757371e-07,1.37757371e-07,1.14797809e+00,0.00000000e+00
nsfet_n,IdVg,0.05,0.312000,0.050000,0.000000,0.000000,4.500,1.68768144e-07,1.68768144e-07,1.40640120e+00,0.00000000e+00
nsfet_n,IdVg,0.05,0.318000,0.050000,0.000000,0.000000,4.500,2.06568620e-07,2.06568620e-07,1.72140517e+00,0.00000000e+00
nsfet_n,IdVg,0.05,0.324000,0.050000,0.000000,0.000000,4.500,2.52521085e-07,2.52521085e-07,2.10434237e+00,0.00000000e+00
nsfet_n,IdVg,0.05,0.330000,0.050000,0.000000,0.000000,4.500,3.08159429e-07,3.08159429e-07,2.56799524e+00,0.00000000e+00
nsfet_n,IdVg,0.05,0.336000,0.050000,0.000000,0.000000,4.500,3.75127567e-07,3.75127567e-07,3.12606306e+00,0.00000000e+00
nsfet_n,IdVg,0.05,0.342000,0.050000,0.000000,0.000000,4.500,4.53416865e-07,4.53416865e-07,3.77847388e+00,0.00000000e+00
nsfet_n,IdVg,0.05,0.348000,0.050000,0.000000,0.000000,4.500,5.43524742e-07,5.43524742e-07,4.52937285e+00,0.00000000e+00
nsfet_n,IdVg,0.05,0.354000,0.050000,0.000000,0.000000,4.500,6.46914325e-07,6.46914325e-07,5.39095271e+00,0.00000000e+00
nsfet_n,IdVg,0.05,0.360000,0.050000,0.000000,0.000000,4.500,7.65309600e-07,7.65309600e-07,6.37758000e+00,0.00000000e+00
nsfet_n,IdVg,0.05,0.366000,0.050000,0.000000,0.000000,4.500,9.00210047e-07,9.00210047e-07,7.50175039e+00,0.00000000e+00
nsfet_n,IdVg,0.05,0.372000,0.050000,0.000000,0.000000,4.500,1.05249197e-06,1.05249197e-06,8.77076638e+00,0.00000000e+00
nsfet_n,IdVg,0.05,0.378000,0.050000,0.000000,0.000000,4.500,1.22308180e-06,1.22308180e-06,1.01923483e+01,0.00000000e+00
nsfet_n,IdVg,0.05,0.384000,0.050000,0.000000,0.000000,4.500,1.41278986e-06,1.41278986e-06,1.17732488e+01,0.00000000e+00
nsfet_n,IdVg,0.05,0.390000,0.050000,0.000000,0.000000,4.500,1.62236803e-06,1.62236803e-06,1.35197336e+01,0.00000000e+00
nsfet_n,IdVg,0.05,0.396000,0.050000,0.000000,0.000000,4.500,1.85233669e-06,1.85233669e-06,1.54361391e+01,0.00000000e+00
nsfet_n,IdVg,0.05,0.402000,0.050000,0.000000,0.000000,4.500,2.10301696e-06,2.10301696e-06,1.75251413e+01,0.00000000e+00
nsfet_n,IdVg,0.05,0.408000,0.050000,0.000000,0.000000,4.500,2.37436066e-06,2.37436066e-06,1.97863388e+01,0.00000000e+00
nsfet_n,IdVg,0.05,0.414000,0.050000,0.000000,0.000000,4.500,2.66599842e-06,2.66599842e-06,2.22166535e+01,0.00000000e+00
nsfet_n,IdVg,0.05,0.420000,0.050000,0.000000,0.000000,4.500,2.97722339e-06,2.97722339e-06,2.48101949e+01,0.00000000e+00
nsfet_n,IdVg,0.05,0.426000,0.050000,0.000000,0.000000,4.500,3.30707050e-06,3.30707050e-06,2.75589208e+01,0.00000000e+00
nsfet_n,IdVg,0.05,0.432000,0.050000,0.000000,0.000000,4.500,3.65437232e-06,3.65437232e-06,3.04531027e+01,0.00000000e+00
nsfet_n,IdVg,0.05,0.438000,0.050000,0.000000,0.000000,4.500,4.01782736e-06,4.01782736e-06,3.34818946e+01,0.00000000e+00
nsfet_n,IdVg,0.05,0.444000,0.050000,0.000000,0.000000,4.500,4.39606539e-06,4.39606539e-06,3.66338782e+01,0.00000000e+00
nsfet_n,IdVg,0.05,0.450000,0.050000,0.000000,0.000000,4.500,4.78772058e-06,4.78772058e-06,3.98976715e+01,0.00000000e+00
nsfet_n,IdVg,0.05,0.456000,0.050000,0.000000,0.000000,4.500,5.19143873e-06,5.19143873e-06,4.32619894e+01,0.00000000e+00
nsfet_n,IdVg,0.05,0.462000,0.050000,0.000000,0.000000,4.500,5.60593667e-06,5.60593667e-06,4.67161389e+01,0.00000000e+00
nsfet_n,IdVg,0.05,0.468000,0.050000,0.000000,0.000000,4.500,6.03000259e-06,6.03000259e-06,5.02500216e+01,0.00000000e+00
nsfet_n,IdVg,0.05,0.474000,0.050000,0.000000,0.000000,4.500,6.46250444e-06,6.46250444e-06,5.38542036e+01,0.00000000e+00
nsfet_n,IdVg,0.05,0.480000,0.050000,0.000000,0.000000,4.500,6.90237970e-06,6.90237970e-06,5.75198308e+01,0.00000000e+00
nsfet_n,IdVg,0.05,0.486000,0.050000,0.000000,0.000000,4.500,7.34864390e-06,7.34864390e-06,6.12386992e+01,0.00000000e+00
nsfet_n,IdVg,0.05,0.492000,0.050000,0.000000,0.000000,4.500,7.80038350e-06,7.80038350e-06,6.50031958e+01,0.00000000e+00
nsfet_n,IdVg,0.05,0.498000,0.050000,0.000000,0.000000,4.500,8.25675563e-06,8.25675563e-06,6.88062969e+01,0.00000000e+00
nsfet_n,IdVg,0.05,0.504000,0.050000,0.000000,0.000000,4.500,8.71698133e-06,8.71698133e-06,7.26415111e+01,0.00000000e+00
nsfet_n,IdVg,0.05,0.510000,0.050000,0.000000,0.000000,4.500,9.18033872e-06,9.18033872e-06,7.65028227e+01,0.00000000e+00
nsfet_n,IdVg,0.05,0.516000,0.050000,0.000000,0.000000,4.500,9.64616214e-06,9.64616214e-06,8.03846845e+01,0.00000000e+00
nsfet_n,IdVg,0.05,0.522000,0.050000,0.000000,0.000000,4.500,1.01138376e-05,1.01138376e-05,8.42819796e+01,0.00000000e+00
nsfet_n,IdVg,0.05,0.528000,0.050000,0.000000,0.000000,4.500,1.05827837e-05,1.05827837e-05,8.81898638e+01,0.00000000e+00
nsfet_n,IdVg,0.05,0.534000,0.050000,0.000000,0.000000,4.500,1.10524572e-05,1.10524572e-05,9.21038103e+01,0.00000000e+00
nsfet_n,IdVg,0.05,0.540000,0.050000,0.000000,0.000000,4.500,1.15223419e-05,1.15223419e-05,9.60195158e+01,0.00000000e+00
nsfet_n,IdVg,0.05,0.546000,0.050000,0.000000,0.000000,4.500,1.19919458e-05,1.19919458e-05,9.99328814e+01,0.00000000e+00
nsfet_n,IdVg,0.05,0.552000,0.050000,0.000000,0.000000,4.500,1.24608133e-05,1.24608133e-05,1.03840111e+02,0.00000000e+00
nsfet_n,IdVg,0.05,0.558000,0.050000,0.000000,0.000000,4.500,1.29285484e-05,1.29285484e-05,1.07737903e+02,0.00000000e+00
nsfet_n,IdVg,0.05,0.564000,0.050000,0.000000,0.000000,4.500,1.33947752e-05,1.33947752e-05,1.11623127e+02,0.00000000e+00
nsfet_n,IdVg,0.05,0.570000,0.050000,0.000000,0.000000,4.500,1.38591300e-05,1.38591300e-05,1.15492750e+02,0.00000000e+00
nsfet_n,IdVg,0.05,0.576000,0.050000,0.000000,0.000000,4.500,1.43213104e-05,1.43213104e-05,1.19344253e+02,0.00000000e+00
nsfet_n,IdVg,0.05,0.582000,0.050000,0.000000,0.000000,4.500,1.47810156e-05,1.47810156e-05,1.23175130e+02,0.00000000e+00
nsfet_n,IdVg,0.05,0.588000,0.050000,0.000000,0.000000,4.500,1.52380122e-05,1.52380122e-05,1.26983435e+02,0.00000000e+00
nsfet_n,IdVg,0.05,0.594000,0.050000,0.000000,0.000000,4.500,1.56920942e-05,1.56920942e-05,1.30767451e+02,0.00000000e+00
nsfet_n,IdVg,0.05,0.600000,0.050000,0.000000,0.000000,4.500,1.61430782e-05,1.61430782e-05,1.34525652e+02,0.00000000e+00
nsfet_n,IdVg,0.2,0.000000,0.200000,0.000000,0.000000,4.500,3.57806546e-12,3.57806546e-12,2.98172122e-05,0.00000000e+00
nsfet_n,IdVg,0.2,0.006000,0.200000,0.000000,0.000000,4.500,4.38416658e-12,4.38416658e-12,3.65347215e-05,0.00000000e+00
nsfet_n,IdVg,0.2,0.012000,0.200000,0.000000,0.000000,4.500,5.38330695e-12,5.38330695e-12,4.48608913e-05,0.00000000e+00
nsfet_n,IdVg,0.2,0.018000,0.200000,0.000000,0.000000,4.500,6.62113778e-12,6.62113778e-12,5.51761482e-05,0.00000000e+00
nsfet_n,IdVg,0.2,0.024000,0.200000,0.000000,0.000000,4.500,8.15396527e-12,8.15396527e-12,6.79497106e-05,0.00000000e+00
nsfet_n,IdVg,0.2,0.030000,0.200000,0.000000,0.000000,4.500,1.00518207e-11,1.00518207e-11,8.37651723e-05,0.00000000e+00
nsfet_n,IdVg,0.2,0.036000,0.200000,0.000000,0.000000,4.500,1.24016196e-11,1.24016196e-11,1.03346830e-04,0.00000000e+00
nsfet_n,IdVg,0.2,0.042000,0.200000,0.000000,0.000000,4.500,1.53103935e-11,1.53103935e-11,1.27586613e-04,0.00000000e+00
nsfet_n,IdVg,0.2,0.048000,0.200000,0.000000,0.000000,4.500,1.89105449e-11,1.89105449e-11,1.57587875e-04,0.00000000e+00
nsfet_n,IdVg,0.2,0.054000,0.200000,0.000000,0.000000,4.500,2.33667005e-11,2.33667005e-11,1.94722504e-04,0.00000000e+00
nsfet_n,IdVg,0.2,0.060000,0.200000,0.000000,0.000000,4.500,2.88812780e-11,2.88812780e-11,2.40677317e-04,0.00000000e+00
nsfet_n,IdVg,0.2,0.066000,0.200000,0.000000,0.000000,4.500,3.57066191e-11,3.57066191e-11,2.97555160e-04,0.00000000e+00
nsfet_n,IdVg,0.2,0.072000,0.200000,0.000000,0.000000,4.500,4.41530190e-11,4.41530190e-11,3.67941825e-04,0.00000000e+00
nsfet_n,IdVg,0.2,0.078000,0.200000,0.000000,0.000000,4.500,5.46043467e-11,5.46043467e-11,4.55036223e-04,0.00000000e+00
nsfet_n,IdVg,0.2,0.084000,0.200000,0.000000,0.000000,4.500,6.75331468e-11,6.75331468e-11,5.62776223e-04,0.00000000e+00
nsfet_n,IdVg,0.2,0.090000,0.200000,0.000000,0.000000,4.500,8.35222286e-11,8.35222286e-11,6.96018572e-04,0.00000000e+00
nsfet_n,IdVg,0.2,0.096000,0.200000,0.000000,0.000000,4.500,1.03289182e-10,1.03289182e-10,8.60743183e-04,0.00000000e+00
nsfet_n,IdVg,0.2,0.102000,0.200000,0.000000,0.000000,4.500,1.27721244e-10,1.27721244e-10,1.06434370e-03,0.00000000e+00
nsfet_n,IdVg,0.2,0.108000,0.200000,0.000000,0.000000,4.500,1.57911251e-10,1.57911251e-10,1.31592709e-03,0.00000000e+00
nsfet_n,IdVg,0.2,0.114000,0.200000,0.000000,0.000000,4.500,1.95206220e-10,1.95206220e-10,1.62671850e-03,0.00000000e+00
nsfet_n,IdVg,0.2,0.120000,0.200000,0.000000,0.000000,4.500,2.41274509e-10,2.41274509e-10,2.01062091e-03,0.00000000e+00
nsfet_n,IdVg,0.2,0.126000,0.200000,0.000000,0.000000,4.500,2.98172225e-10,2.98172225e-10,2.48476854e-03,0.00000000e+00
nsfet_n,IdVg,0.2,0.132000,0.200000,0.000000,0.000000,4.500,3.68432958e-10,3.68432958e-10,3.07027465e-03,0.00000000e+00
nsfet_n,IdVg,0.2,0.138000,0.200000,0.000000,0.000000,4.500,4.55194290e-10,4.55194290e-10,3.79328575e-03,0.00000000e+00
nsfet_n,IdVg,0.2,0.144000,0.200000,0.000000,0.000000,4.500,5.62331288e-10,5.62331288e-10,4.68609406e-03,0.00000000e+00
nsfet_n,IdVg,0.2,0.150000,0.200000,0.000000,0.000000,4.500,6.94627029e-10,6.94627029e-10,5.78855858e-03,0.00000000e+00
nsfet_n,IdVg,0.2,0.156000,0.200000,0.000000,0.000000,4.500,8.57985495e-10,8.57985495e-10,7.14987913e-03,0.00000000e+00
nsfet_n,IdVg,0.2,0.162000,0.200000,0.000000,0.000000,4.500,1.05970262e-09,1.05970262e-09,8.83085519e-03,0.00000000e+00
nsfet_n,IdVg,0.2,0.168000,0.200000,0.000000,0.000000,4.500,1.30878612e-09,1.30878612e-09,1.09065510e-02,0.00000000e+00
nsfet_n,IdVg,0.2,0.174000,0.200000,0.000000,0.000000,4.500,1.61635428e-09,1.61635428e-09,1.34696190e-02,0.00000000e+00
nsfet_n,IdVg,0.2,0.180000,0.200000,0.000000,0.000000,4.500,1.99612215e-09,1.99612215e-09,1.66343512e-02,0.00000000e+00
nsfet_n,IdVg,0.2,0.186000,0.200000,0.000000,0.000000,4.500,2.46497503e-09,2.46497503e-09,2.05414586e-02,0.00000000e+00
nsfet_n,IdVg,0.2,0.192000,0.200000,0.000000,0.000000,4.500,3.04370954e-09,3.04370954e-09,2.53642462e-02,0.00000000e+00
nsfet_n,IdVg,0.2,0.198000,0.200000,0.000000,0.000000,4.500,3.75798083e-09,3.75798083e-09,3.13165069e-02,0.00000000e+00
nsfet_n,IdVg,0.2,0.204000,0.200000,0.000000,0.000000,4.500,4.63953210e-09,4.63953210e-09,3.86627675e-02,0.00000000e+00
nsfet_n,IdVg,0.2,0.210000,0.200000,0.000000,0.000000,4.500,5.72762339e-09,5.72762339e-09,4.77301949e-02,0.00000000e+00
nsfet_n,IdVg,0.2,0.216000,0.200000,0.000000,0.000000,4.500,7.07062480e-09,7.07062480e-09,5.89218733e-02,0.00000000e+00
nsfet_n,IdVg,0.2,0.222000,0.200000,0.000000,0.000000,4.500,8.72800699e-09,8.72800699e-09,7.27333916e-02,0.00000000e+00
nsfet_n,IdVg,0.2,0.228000,0.200000,0.000000,0.000000,4.500,1.07728759e-08,1.07728759e-08,8.97739662e-02,0.00000000e+00
nsfet_n,IdVg,0.2,0.234000,0.200000,0.000000,0.000000,4.500,1.32950634e-08,1.32950634e-08,1.10792195e-01,0.00000000e+00
nsfet_n,IdVg,0.2,0.240000,0.200000,0.000000,0.000000,4.500,1.64048363e-08,1.64048363e-08,1.36706969e-01,0.00000000e+00
nsfet_n,IdVg,0.2,0.246000,0.200000,0.000000,0.000000,4.500,2.02374058e-08,2.02374058e-08,1.68645049e-01,0.00000000e+00
nsfet_n,IdVg,0.2,0.252000,0.200000,0.000000,0.000000,4.500,2.49583038e-08,2.49583038e-08,2.07985865e-01,0.00000000e+00
nsfet_n,IdVg,0.2,0.258000,0.200000,0.000000,0.000000,4.500,3.07698528e-08,3.07698528e-08,2.56415440e-01,0.00000000e+00
nsfet_n,IdVg,0.2,0.264000,0.200000,0.000000,0.000000,4.500,3.79187247e-08,3.79187247e-08,3.15989373e-01,0.00000000e+00
nsfet_n,IdVg,0.2,0.270000,0.200000,0.000000,0.000000,4.500,4.67048969e-08,4.67048969e-08,3.89207474e-01,0.00000000e+00
nsfet_n,IdVg,0.2,0.276000,0.200000,0.000000,0.000000,4.500,5.74917163e-08,5.74917163e-08,4.79097636e-01,0.00000000e+00
nsfet_n,IdVg,0.2,0.282000,0.200000,0.000000,0.000000,4.500,7.07188353e-08,7.07188353e-08,5.89323627e-01,0.00000000e+00
nsfet_n,IdVg,0.2,0.288000,0.200000,0.000000,0.000000,4.500,8.69159775e-08,8.69159775e-08,7.24299813e-01,0.00000000e+00
nsfet_n,IdVg,0.2,0.294000,0.200000,0.000000,0.000000,4.500,1.06718038e-07,1.06718038e-07,8.89316984e-01,0.00000000e+00
nsfet_n,IdVg,0.2,0.300000,0.200000,0.000000,0.000000,4.500,1.30884371e-07,1.30884371e-07,1.09070309e+00,0.00000000e+00
nsfet_n,IdVg,0.2,0.306000,0.200000,0.000000,0.000000,4.500,1.60316473e-07,1.60316473e-07,1.33597061e+00,0.00000000e+00
nsfet_n,IdVg,0.2,0.312000,0.200000,0.000000,0.000000,4.500,1.96068359e-07,1.96068359e-07,1.63390300e+00,0.00000000e+00
nsfet_n,IdVg,0.2,0.318000,0.200000,0.000000,0.000000,4.500,2.39372707e-07,2.39372707e-07,1.99477256e+00,0.00000000e+00
nsfet_n,IdVg,0.2,0.324000,0.200000,0.000000,0.000000,4.500,2.91635808e-07,2.91635808e-07,2.43029840e+00,0.00000000e+00
nsfet_n,IdVg,0.2,0.330000,0.200000,0.000000,0.000000,4.500,3.54433389e-07,3.54433389e-07,2.95361157e+00,0.00000000e+00
nsfet_n,IdVg,0.2,0.336000,0.200000,0.000000,0.000000,4.500,4.29487525e-07,4.29487525e-07,3.57906270e+00,0.00000000e+00
nsfet_n,IdVg,0.2,0.342000,0.200000,0.000000,0.000000,4.500,5.18497456e-07,5.18497456e-07,4.32081213e+00,0.00000000e+00
nsfet_n,IdVg,0.2,0.348000,0.200000,0.000000,0.000000,4.500,6.21412936e-07,6.21412936e-07,5.17844113e+00,0.00000000e+00
nsfet_n,IdVg,0.2,0.354000,0.200000,0.000000,0.000000,4.500,7.38605838e-07,7.38605838e-07,6.15504865e+00,0.00000000e+00
nsfet_n,IdVg,0.2,0.360000,0.200000,0.000000,0.000000,4.500,8.71776145e-07,8.71776145e-07,7.26480121e+00,0.00000000e+00
nsfet_n,IdVg,0.2,0.366000,0.200000,0.000000,0.000000,4.500,1.02259876e-06,1.02259876e-06,8.52165633e+00,0.00000000e+00
nsfet_n,IdVg,0.2,0.372000,0.200000,0.000000,0.000000,4.500,1.19273575e-06,1.19273575e-06,9.93946454e+00,0.00000000e+00
nsfet_n,IdVg,0.2,0.378000,0.200000,0.000000,0.000000,4.500,1.38351249e-06,1.38351249e-06,1.15292707e+01,0.00000000e+00
nsfet_n,IdVg,0.2,0.384000,0.200000,0.000000,0.000000,4.500,1.59541123e-06,1.59541123e-06,1.32950935e+01,0.00000000e+00
nsfet_n,IdVg,0.2,0.390000,0.200000,0.000000,0.000000,4.500,1.82915674e-06,1.82915674e-06,1.52429728e+01,0.00000000e+00
nsfet_n,IdVg,0.2,0.396000,0.200000,0.000000,0.000000,4.500,2.08534251e-06,2.08534251e-06,1.73778542e+01,0.00000000e+00
nsfet_n,IdVg,0.2,0.402000,0.200000,0.000000,0.000000,4.500,2.36410896e-06,2.36410896e-06,1.97009080e+01,0.00000000e+00
nsfet_n,IdVg,0.2,0.408000,0.200000,0.000000,0.000000,4.500,2.66522648e-06,2.66522648e-06,2.22102206e+01,0.00000000e+00
nsfet_n,IdVg,0.2,0.414000,0.200000,0.000000,0.000000,4.500,2.98839207e-06,2.98839207e-06,2.49032672e+01,0.00000000e+00
nsfet_n,IdVg,0.2,0.420000,0.200000,0.000000,0.000000,4.500,3.33306630e-06,3.33306630e-06,2.77755525e+01,0.00000000e+00
nsfet_n,IdVg,0.2,0.426000,0.200000,0.000000,0.000000,4.500,3.69849582e-06,3.69849582e-06,3.08207985e+01,0.00000000e+00
nsfet_n,IdVg,0.2,0.432000,0.200000,0.000000,0.000000,4.500,4.08381381e-06,4.08381381e-06,3.40317817e+01,0.00000000e+00
nsfet_n,IdVg,0.2,0.438000,0.200000,0.000000,0.000000,4.500,4.48802023e-06,4.48802023e-06,3.74001686e+01,0.00000000e+00
nsfet_n,IdVg,0.2,0.444000,0.200000,0.000000,0.000000,4.500,4.91002615e-06,4.91002615e-06,4.09168846e+01,0.00000000e+00
nsfet_n,IdVg,0.2,0.450000,0.200000,0.000000,0.000000,4.500,5.34866468e-06,5.34866468e-06,4.45722056e+01,0.00000000e+00
nsfet_n,IdVg,0.2,0.456000,0.200000,0.000000,0.000000,4.500,5.80272843e-06,5.80272843e-06,4.83560702e+01,0.00000000e+00
nsfet_n,IdVg,0.2,0.462000,0.200000,0.000000,0.000000,4.500,6.27099162e-06,6.27099162e-06,5.22582635e+01,0.00000000e+00
nsfet_n,IdVg,0.2,0.468000,0.200000,0.000000,0.000000,4.500,6.75221738e-06,6.75221738e-06,5.62684781e+01,0.00000000e+00
nsfet_n,IdVg,0.2,0.474000,0.200000,0.000000,0.000000,4.500,7.24519025e-06,7.24519025e-06,6.03765854e+01,0.00000000e+00
nsfet_n,IdVg,0.2,0.480000,0.200000,0.000000,0.000000,4.500,7.74871690e-06,7.74871690e-06,6.45726409e+01,0.00000000e+00
nsfet_n,IdVg,0.2,0.486000,0.200000,0.000000,0.000000,4.500,8.26164857e-06,8.26164857e-06,6.88470714e+01,0.00000000e+00
nsfet_n,IdVg,0.2,0.492000,0.200000,0.000000,0.000000,4.500,8.78288726e-06,8.78288726e-06,7.31907271e+01,0.00000000e+00
nsfet_n,IdVg,0.2,0.498000,0.200000,0.000000,0.000000,4.500,9.31141735e-06,9.31141735e-06,7.75951446e+01,0.00000000e+00
nsfet_n,IdVg,0.2,0.504000,0.200000,0.000000,0.000000,4.500,9.84630403e-06,9.84630403e-06,8.20525336e+01,0.00000000e+00
nsfet_n,IdVg,0.2,0.510000,0.200000,0.000000,0.000000,4.500,1.03867261e-05,1.03867261e-05,8.65560507e+01,0.00000000e+00
nsfet_n,IdVg,0.2,0.516000,0.200000,0.000000,0.000000,4.500,1.09319539e-05,1.09319539e-05,9.10996160e+01,0.00000000e+00
nsfet_n,IdVg,0.2,0.522000,0.200000,0.000000,0.000000,4.500,1.14813737e-05,1.14813737e-05,9.56781141e+01,0.00000000e+00
nsfet_n,IdVg,0.2,0.528000,0.200000,0.000000,0.000000,4.500,1.20344834e-05,1.20344834e-05,1.00287361e+02,0.00000000e+00
nsfet_n,IdVg,0.2,0.534000,0.200000,0.000000,0.000000,4.500,1.25908750e-05,1.25908750e-05,1.04923959e+02,0.00000000e+00
nsfet_n,IdVg,0.2,0.540000,0.200000,0.000000,0.000000,4.500,1.31502220e-05,1.31502220e-05,1.09585183e+02,0.00000000e+00
nsfet_n,IdVg,0.2,0.546000,0.200000,0.000000,0.000000,4.500,1.37122576e-05,1.37122576e-05,1.14268813e+02,0.00000000e+00
nsfet_n,IdVg,0.2,0.552000,0.200000,0.000000,0.000000,4.500,1.42767680e-05,1.42767680e-05,1.18973066e+02,0.00000000e+00
nsfet_n,IdVg,0.2,0.558000,0.200000,0.000000,0.000000,4.500,1.48435978e-05,1.48435978e-05,1.23696649e+02,0.00000000e+00
nsfet_n,IdVg,0.2,0.564000,0.200000,0.000000,0.000000,4.500,1.54125572e-05,1.54125572e-05,1.28437977e+02,0.00000000e+00
nsfet_n,IdVg,0.2,0.570000,0.200000,0.000000,0.000000,4.500,1.59835252e-05,1.59835252e-05,1.33196044e+02,0.00000000e+00
nsfet_n,IdVg,0.2,0.576000,0.200000,0.000000,0.000000,4.500,1.65563519e-05,1.65563519e-05,1.37969600e+02,0.00000000e+00
nsfet_n,IdVg,0.2,0.582000,0.200000,0.000000,0.000000,4.500,1.71308804e-05,1.71308804e-05,1.42757336e+02,0.00000000e+00
nsfet_n,IdVg,0.2,0.588000,0.200000,0.000000,0.000000,4.500,1.77069299e-05,1.77069299e-05,1.47557749e+02,0.00000000e+00
nsfet_n,IdVg,0.2,0.594000,0.200000,0.000000,0.000000,4.500,1.82843234e-05,1.82843234e-05,1.52369362e+02,0.00000000e+00
nsfet_n,IdVg,0.2,0.600000,0.200000,0.000000,0.000000,4.500,1.88628481e-05,1.88628481e-05,1.57190401e+02,0.00000000e+00
nsfet_n,IdVg,0.4,0.000000,0.400000,0.000000,0.000000,4.500,4.56417814e-12,4.56417814e-12,3.80348178e-05,0.00000000e+00
nsfet_n,IdVg,0.4,0.006000,0.400000,0.000000,0.000000,4.500,5.54336929e-12,5.54336929e-12,4.61947441e-05,0.00000000e+00
nsfet_n,IdVg,0.4,0.012000,0.400000,0.000000,0.000000,4.500,6.75505722e-12,6.75505722e-12,5.62921435e-05,0.00000000e+00
nsfet_n,IdVg,0.4,0.018000,0.400000,0.000000,0.000000,4.500,8.25492008e-12,8.25492008e-12,6.87910007e-05,0.00000000e+00
nsfet_n,IdVg,0.4,0.024000,0.400000,0.000000,0.000000,4.500,1.01118463e-11,1.01118463e-11,8.42653857e-05,0.00000000e+00
nsfet_n,IdVg,0.4,0.030000,0.400000,0.000000,0.000000,4.500,1.24101232e-11,1.24101232e-11,1.03417693e-04,0.00000000e+00
nsfet_n,IdVg,0.4,0.036000,0.400000,0.000000,0.000000,4.500,1.52533858e-11,1.52533858e-11,1.27111548e-04,0.00000000e+00
nsfet_n,IdVg,0.4,0.042000,0.400000,0.000000,0.000000,4.500,1.87683989e-11,1.87683989e-11,1.56403324e-04,0.00000000e+00
nsfet_n,IdVg,0.4,0.048000,0.400000,0.000000,0.000000,4.500,2.31108505e-11,2.31108505e-11,1.92590421e-04,0.00000000e+00
nsfet_n,IdVg,0.4,0.054000,0.400000,0.000000,0.000000,4.500,2.84750540e-11,2.84750540e-11,2.37292117e-04,0.00000000e+00
nsfet_n,IdVg,0.4,0.060000,0.400000,0.000000,0.000000,4.500,3.51000031e-11,3.51000031e-11,2.92500026e-04,0.00000000e+00
nsfet_n,IdVg,0.4,0.066000,0.400000,0.000000,0.000000,4.500,4.32805109e-11,4.32805109e-11,3.60670924e-04,0.00000000e+00
nsfet_n,IdVg,0.4,0.072000,0.400000,0.000000,0.000000,4.500,5.33819141e-11,5.33819141e-11,4.44849284e-04,0.00000000e+00
nsfet_n,IdVg,0.4,0.078000,0.400000,0.000000,0.000000,4.500,6.58526556e-11,6.58526556e-11,5.48772130e-04,0.00000000e+00
nsfet_n,IdVg,0.4,0.084000,0.400000,0.000000,0.000000,4.500,8.12470935e-11,8.12470935e-11,6.77059113e-04,0.00000000e+00
nsfet_n,IdVg,0.4,0.090000,0.400000,0.000000,0.000000,4.500,1.00252812e-10,1.00252812e-10,8.35440103e-04,0.00000000e+00
nsfet_n,IdVg,0.4,0.096000,0.400000,0.000000,0.000000,4.500,1.23714956e-10,1.23714956e-10,1.03095797e-03,0.00000000e+00
nsfet_n,IdVg,0.4,0.102000,0.400000,0.000000,0.000000,4.500,1.52675354e-10,1.52675354e-10,1.27229462e-03,0.00000000e+00
nsfet_n,IdVg,0.4,0.108000,0.400000,0.000000,0.000000,4.500,1.88425397e-10,1.88425397e-10,1.57021164e-03,0.00000000e+00
nsfet_n,IdVg,0.4,0.114000,0.400000,0.000000,0.000000,4.500,2.32557030e-10,2.32557030e-10,1.93797525e-03,0.00000000e+00
nsfet_n,IdVg,0.4,0.120000,0.400000,0.000000,0.000000,4.500,2.87032362e-10,2.87032362e-10,2.39193635e-03,0.00000000e+00
nsfet_n,IdVg,0.4,0.126000,0.400000,0.000000,0.000000,4.500,3.54278039e-10,3.54278039e-10,2.95231699e-03,0.00000000e+00
nsfet_n,IdVg,0.4,0.132000,0.400000,0.000000,0.000000,4.500,4.37290115e-10,4.37290115e-10,3.64408429e-03,0.00000000e+00
nsfet_n,IdVg,0.4,0.138000,0.400000,0.000000,0.000000,4.500,5.39745527e-10,5.39745527e-10,4.49787939e-03,0.00000000e+00
nsfet_n,IdVg,0.4,0.144000,0.400000,0.000000,0.000000,4.500,6.66197257e-10,6.66197257e-10,5.55164381e-03,0.00000000e+00
nsfet_n,IdVg,0.4,0.150000,0.400000,0.000000,0.000000,4.500,8.22266071e-10,8.22266071e-10,6.85221726e-03,0.00000000e+00
nsfet_n,IdVg,0.4,0.156000,0.400000,0.000000,0.000000,4.500,1.01486899e-09,1.01486899e-09,8.45724161e-03,0.00000000e+00
nsfet_n,IdVg,0.4,0.162000,0.400000,0.000000,0.000000,4.500,1.25255149e-09,1.25255149e-09,1.04379291e-02,0.00000000e+00
nsfet_n,IdVg,0.4,0.168000,0.400000,0.000000,0.000000,4.500,1.54583757e-09,1.54583757e-09,1.28819797e-02,0.00000000e+00
nsfet_n,IdVg,0.4,0.174000,0.400000,0.000000,0.000000,4.500,1.90769852e-09,1.90769852e-09,1.58974877e-02,0.00000000e+00
nsfet_n,IdVg,0.4,0.180000,0.400000,0.000000,0.000000,4.500,2.35411000e-09,2.35411000e-09,1.96175833e-02,0.00000000e+00
nsfet_n,IdVg,0.4,0.186000,0.400000,0.000000,0.000000,4.500,2.90476122e-09,2.90476122e-09,2.42063435e-02,0.00000000e+00
nsfet_n,IdVg,0.4,0.192000,0.400000,0.000000,0.000000,4.500,3.58390004e-09,3.58390004e-09,2.98658337e-02,0.00000000e+00
nsfet_n,IdVg,0.4,0.198000,0.400000,0.000000,0.000000,4.500,4.42132371e-09,4.42132371e-09,3.68443642e-02,0.00000000e+00
nsfet_n,IdVg,0.4,0.204000,0.400000,0.000000,0.000000,4.500,5.45370847e-09,5.45370847e-09,4.54475705e-02,0.00000000e+00
nsfet_n,IdVg,0.4,0.210000,0.400000,0.000000,0.000000,4.500,6.72613369e-09,6.72613369e-09,5.60511141e-02,0.00000000e+00
nsfet_n,IdVg,0.4,0.216000,0.400000,0.000000,0.000000,4.500,8.29402349e-09,8.29402349e-09,6.91168624e-02,0.00000000e+00
nsfet_n,IdVg,0.4,0.222000,0.400000,0.000000,0.000000,4.500,1.02253527e-08,1.02253527e-08,8.52112723e-02,0.00000000e+00
nsfet_n,IdVg,0.4,0.228000,0.400000,0.000000,0.000000,4.500,1.26034594e-08,1.26034594e-08,1.05028829e-01,0.00000000e+00
nsfet_n,IdVg,0.4,0.234000,0.400000,0.000000,0.000000,4.500,1.55304858e-08,1.55304858e-08,1.29420715e-01,0.00000000e+00
nsfet_n,IdVg,0.4,0.240000,0.400000,0.000000,0.000000,4.500,1.91314039e-08,1.91314039e-08,1.59428366e-01,0.00000000e+00
nsfet_n,IdVg,0.4,0.246000,0.400000,0.000000,0.000000,4.500,2.35588202e-08,2.35588202e-08,1.96323502e-01,0.00000000e+00
nsfet_n,IdVg,0.4,0.252000,0.400000,0.000000,0.000000,4.500,2.89989507e-08,2.89989507e-08,2.41657923e-01,0.00000000e+00
nsfet_n,IdVg,0.4,0.258000,0.400000,0.000000,0.000000,4.500,3.56783432e-08,3.56783432e-08,2.97319527e-01,0.00000000e+00
nsfet_n,IdVg,0.4,0.264000,0.400000,0.000000,0.000000,4.500,4.38718981e-08,4.38718981e-08,3.65599151e-01,0.00000000e+00
nsfet_n,IdVg,0.4,0.270000,0.400000,0.000000,0.000000,4.500,5.39122432e-08,5.39122432e-08,4.49268694e-01,0.00000000e+00
nsfet_n,IdVg,0.4,0.276000,0.400000,0.000000,0.000000,4.500,6.62000188e-08,6.62000188e-08,5.51666824e-01,0.00000000e+00
nsfet_n,IdVg,0.4,0.282000,0.400000,0.000000,0.000000,4.500,8.12172723e-08,8.12172723e-08,6.76810602e-01,0.00000000e+00
nsfet_n,IdVg,0.4,0.288000,0.400000,0.000000,0.000000,4.500,9.95417240e-08,9.95417240e-08,8.29514367e-01,0.00000000e+00
nsfet_n,IdVg,0.4,0.294000,0.400000,0.000000,0.000000,4.500,1.21860023e-07,1.21860023e-07,1.01550019e+00,0.00000000e+00
nsfet_n,IdVg,0.4,0.300000,0.400000,0.000000,0.000000,4.500,1.48986830e-07,1.48986830e-07,1.24155692e+00,0.00000000e+00
nsfet_n,IdVg,0.4,0.306000,0.400000,0.000000,0.000000,4.500,1.81879114e-07,1.81879114e-07,1.51565928e+00,0.00000000e+00
nsfet_n,IdVg,0.4,0.312000,0.400000,0.000000,0.000000,4.500,2.21647486e-07,2.21647486e-07,1.84706238e+00,0.00000000e+00
nsfet_n,IdVg,0.4,0.318000,0.400000,0.000000,0.000000,4.500,2.69570939e-07,2.69570939e-07,2.24642449e+00,0.00000000e+00
nsfet_n,IdVg,0.4,0.324000,0.400000,0.000000,0.000000,4.500,3.27103923e-07,3.27103923e-07,2.72586602e+00,0.00000000e+00
nsfet_n,IdVg,0.4,0.330000,0.400000,0.000000,0.000000,4.500,3.95818627e-07,3.95818627e-07,3.29848856e+00,0.00000000e+00
nsfet_n,IdVg,0.4,0.336000,0.400000,0.000000,0.000000,4.500,4.77404237e-07,4.77404237e-07,3.97836864e+00,0.00000000e+00
nsfet_n,IdVg,0.4,0.342000,0.400000,0.000000,0.000000,4.500,5.73693167e-07,5.73693167e-07,4.78077639e+00,0.00000000e+00
nsfet_n,IdVg,0.4,0.348000,0.400000,0.000000,0.000000,4.500,6.85632594e-07,6.85632594e-07,5.71360495e+00,0.00000000e+00
nsfet_n,IdVg,0.4,0.354000,0.400000,0.000000,0.000000,4.500,8.12990615e-07,8.12990615e-07,6.77492179e+00,0.00000000e+00
nsfet_n,IdVg,0.4,0.360000,0.400000,0.000000,0.000000,4.500,9.56440475e-07,9.56440475e-07,7.97033729e+00,0.00000000e+00
nsfet_n,IdVg,0.4,0.366000,0.400000,0.000000,0.000000,4.500,1.11716802e-06,1.11716802e-06,9.30973353e+00,0.00000000e+00
nsfet_n,IdVg,0.4,0.372000,0.400000,0.000000,0.000000,4.500,1.29705480e-06,1.29705480e-06,1.08087900e+01,0.00000000e+00
nsfet_n,IdVg,0.4,0.378000,0.400000,0.000000,0.000000,4.500,1.49750891e-06,1.49750891e-06,1.24792409e+01,0.00000000e+00
nsfet_n,IdVg,0.4,0.384000,0.400000,0.000000,0.000000,4.500,1.71886263e-06,1.71886263e-06,1.43238553e+01,0.00000000e+00
nsfet_n,IdVg,0.4,0.390000,0.400000,0.000000,0.000000,4.500,1.96182484e-06,1.96182484e-06,1.63485403e+01,0.00000000e+00
nsfet_n,IdVg,0.4,0.396000,0.400000,0.000000,0.000000,4.500,2.22689971e-06,2.22689971e-06,1.85574976e+01,0.00000000e+00
nsfet_n,IdVg,0.4,0.402000,0.400000,0.000000,0.000000,4.500,2.51417435e-06,2.51417435e-06,2.09514529e+01,0.00000000e+00
nsfet_n,IdVg,0.4,0.408000,0.400000,0.000000,0.000000,4.500,2.82333760e-06,2.82333760e-06,2.35278133e+01,0.00000000e+00
nsfet_n,IdVg,0.4,0.414000,0.400000,0.000000,0.000000,4.500,3.15390606e-06,3.15390606e-06,2.62825505e+01,0.00000000e+00
nsfet_n,IdVg,0.4,0.420000,0.400000,0.000000,0.000000,4.500,3.50532998e-06,3.50532998e-06,2.92110832e+01,0.00000000e+00
nsfet_n,IdVg,0.4,0.426000,0.400000,0.000000,0.000000,4.500,3.87686820e-06,3.87686820e-06,3.23072350e+01,0.00000000e+00
nsfet_n,IdVg,0.4,0.432000,0.400000,0.000000,0.000000,4.500,4.26762566e-06,4.26762566e-06,3.55635471e+01,0.00000000e+00
nsfet_n,IdVg,0.4,0.438000,0.400000,0.000000,0.000000,4.500,4.67658973e-06,4.67658973e-06,3.89715810e+01,0.00000000e+00
nsfet_n,IdVg,0.4,0.444000,0.400000,0.000000,0.000000,4.500,5.10267771e-06,5.10267771e-06,4.25223143e+01,0.00000000e+00
nsfet_n,IdVg,0.4,0.450000,0.400000,0.000000,0.000000,4.500,5.54474208e-06,5.54474208e-06,4.62061840e+01,0.00000000e+00
nsfet_n,IdVg,0.4,0.456000,0.400000,0.000000,0.000000,4.500,6.00161361e-06,6.00161361e-06,5.00134467e+01,0.00000000e+00
nsfet_n,IdVg,0.4,0.462000,0.400000,0.000000,0.000000,4.500,6.47212870e-06,6.47212870e-06,5.39344058e+01,0.00000000e+00
nsfet_n,IdVg,0.4,0.468000,0.400000,0.000000,0.000000,4.500,6.95511770e-06,6.95511770e-06,5.79593142e+01,0.00000000e+00
nsfet_n,IdVg,0.4,0.474000,0.400000,0.000000,0.000000,4.500,7.44944235e-06,7.44944235e-06,6.20786863e+01,0.00000000e+00
nsfet_n,IdVg,0.4,0.480000,0.400000,0.000000,0.000000,4.500,7.95401592e-06,7.95401592e-06,6.62834660e+01,0.00000000e+00
nsfet_n,IdVg,0.4,0.486000,0.400000,0.000000,0.000000,4.500,8.46782656e-06,8.46782656e-06,7.05652213e+01,0.00000000e+00
nsfet_n,IdVg,0.4,0.492000,0.400000,0.000000,0.000000,4.500,8.98993509e-06,8.98993509e-06,7.49161257e+01,0.00000000e+00
nsfet_n,IdVg,0.4,0.498000,0.400000,0.000000,0.000000,4.500,9.51950372e-06,9.51950372e-06,7.93291976e+01,0.00000000e+00
nsfet_n,IdVg,0.4,0.504000,0.400000,0.000000,0.000000,4.500,1.00557902e-05,1.00557902e-05,8.37982518e+01,0.00000000e+00
nsfet_n,IdVg,0.4,0.510000,0.400000,0.000000,0.000000,4.500,1.05981787e-05,1.05981787e-05,8.83181557e+01,0.00000000e+00
nsfet_n,IdVg,0.4,0.516000,0.400000,0.000000,0.000000,4.500,1.11461521e-05,1.11461521e-05,9.28846011e+01,0.00000000e+00
nsfet_n,IdVg,0.4,0.522000,0.400000,0.000000,0.000000,4.500,1.16992914e-05,1.16992914e-05,9.74940950e+01,0.00000000e+00
nsfet_n,IdVg,0.4,0.528000,0.400000,0.000000,0.000000,4.500,1.22572968e-05,1.22572968e-05,1.02144140e+02,0.00000000e+00
nsfet_n,IdVg,0.4,0.534000,0.400000,0.000000,0.000000,4.500,1.28199275e-05,1.28199275e-05,1.06832729e+02,0.00000000e+00
nsfet_n,IdVg,0.4,0.540000,0.400000,0.000000,0.000000,4.500,1.33869982e-05,1.33869982e-05,1.11558318e+02,0.00000000e+00
nsfet_n,IdVg,0.4,0.546000,0.400000,0.000000,0.000000,4.500,1.39583735e-05,1.39583735e-05,1.16319779e+02,0.00000000e+00
nsfet_n,IdVg,0.4,0.552000,0.400000,0.000000,0.000000,4.500,1.45339396e-05,1.45339396e-05,1.21116164e+02,0.00000000e+00
nsfet_n,IdVg,0.4,0.558000,0.400000,0.000000,0.000000,4.500,1.51135734e-05,1.51135734e-05,1.25946445e+02,0.00000000e+00
nsfet_n,IdVg,0.4,0.564000,0.400000,0.000000,0.000000,4.500,1.56971814e-05,1.56971814e-05,1.30809845e+02,0.00000000e+00
nsfet_n,IdVg,0.4,0.570000,0.400000,0.000000,0.000000,4.500,1.62846512e-05,1.62846512e-05,1.35705426e+02,0.00000000e+00
nsfet_n,IdVg,0.4,0.576000,0.400000,0.000000,0.000000,4.500,1.68758502e-05,1.68758502e-05,1.40632085e+02,0.00000000e+00
nsfet_n,IdVg,0.4,0.582000,0.400000,0.000000,0.000000,4.500,1.74706206e-05,1.74706206e-05,1.45588505e+02,0.00000000e+00
nsfet_n,IdVg,0.4,0.588000,0.400000,0.000000,0.000000,4.500,1.80687851e-05,1.80687851e-05,1.50573209e+02,0.00000000e+00
nsfet_n,IdVg,0.4,0.594000,0.400000,0.000000,0.000000,4.500,1.86701460e-05,1.86701460e-05,1.55584550e+02,0.00000000e+00
nsfet_n,IdVg,0.4,0.600000,0.400000,0.000000,0.000000,4.500,1.92744869e-05,1.92744869e-05,1.60620724e+02,0.00000000e+00
nsfet_n,IdVg,0.6,0.000000,0.600000,0.000000,0.000000,4.500,5.40995864e-12,5.40995864e-12,4.50829887e-05,0.00000000e+00
nsfet_n,IdVg,0.6,0.006000,0.600000,0.000000,0.000000,4.500,6.58081556e-12,6.58081556e-12,5.48401296e-05,0.00000000e+00
nsfet_n,IdVg,0.6,0.012000,0.600000,0.000000,0.000000,4.500,8.02756366e-12,8.02756366e-12,6.68963638e-05,0.00000000e+00
nsfet_n,IdVg,0.6,0.018000,0.600000,0.000000,0.000000,4.500,9.81434893e-12,9.81434893e-12,8.17862411e-05,0.00000000e+00
nsfet_n,IdVg,0.6,0.024000,0.600000,0.000000,0.000000,4.500,1.20215665e-11,1.20215665e-11,1.00179721e-04,0.00000000e+00
nsfet_n,IdVg,0.6,0.030000,0.600000,0.000000,0.000000,4.500,1.47471318e-11,1.47471318e-11,1.22892765e-04,0.00000000e+00
nsfet_n,IdVg,0.6,0.036000,0.600000,0.000000,0.000000,4.500,1.81117111e-11,1.81117111e-11,1.50930926e-04,0.00000000e+00
nsfet_n,IdVg,0.6,0.042000,0.600000,0.000000,0.000000,4.500,2.22640270e-11,2.22640270e-11,1.85533558e-04,0.00000000e+00
nsfet_n,IdVg,0.6,0.048000,0.600000,0.000000,0.000000,4.500,2.73874139e-11,2.73874139e-11,2.28228449e-04,0.00000000e+00
nsfet_n,IdVg,0.6,0.054000,0.600000,0.000000,0.000000,4.500,3.37073083e-11,3.37073083e-11,2.80894236e-04,0.00000000e+00
nsfet_n,IdVg,0.6,0.060000,0.600000,0.000000,0.000000,4.500,4.15020153e-11,4.15020153e-11,3.45850128e-04,0.00000000e+00
nsfet_n,IdVg,0.6,0.066000,0.600000,0.000000,0.000000,4.500,5.11161843e-11,5.11161843e-11,4.25968203e-04,0.00000000e+00
nsfet_n,IdVg,0.6,0.072000,0.600000,0.000000,0.000000,4.500,6.29684686e-11,6.29684686e-11,5.24737239e-04,0.00000000e+00
nsfet_n,IdVg,0.6,0.078000,0.600000,0.000000,0.000000,4.500,7.75814867e-11,7.75814867e-11,6.46512389e-04,0.00000000e+00
nsfet_n,IdVg,0.6,0.084000,0.600000,0.000000,0.000000,4.500,9.55977660e-11,9.55977660e-11,7.96648050e-04,0.00000000e+00
nsfet_n,IdVg,0.6,0.090000,0.600000,0.000000,0.000000,4.500,1.17811492e-10,1.17811492e-10,9.81762433e-04,0.00000000e+00
nsfet_n,IdVg,0.6,0.096000,0.600000,0.000000,0.000000,4.500,1.45205042e-10,1.45205042e-10,1.21004202e-03,0.00000000e+00
nsfet_n,IdVg,0.6,0.102000,0.600000,0.000000,0.000000,4.500,1.78988450e-10,1.78988450e-10,1.49157042e-03,0.00000000e+00
nsfet_n,IdVg,0.6,0.108000,0.600000,0.000000,0.000000,4.500,2.20651494e-10,2.20651494e-10,1.83876245e-03,0.00000000e+00
nsfet_n,IdVg,0.6,0.114000,0.600000,0.000000,0.000000,4.500,2.72021770e-10,2.72021770e-10,2.26684809e-03,0.00000000e+00
nsfet_n,IdVg,0.6,0.120000,0.600000,0.000000,0.000000,4.500,3.35341396e-10,3.35341396e-10,2.79451163e-03,0.00000000e+00
nsfet_n,IdVg,0.6,0.126000,0.600000,0.000000,0.000000,4.500,4.13404953e-10,4.13404953e-10,3.44504128e-03,0.00000000e+00
nsfet_n,IdVg,0.6,0.132000,0.600000,0.000000,0.000000,4.500,5.09644569e-10,5.09644569e-10,4.24703808e-03,0.00000000e+00
nsfet_n,IdVg,0.6,0.138000,0.600000,0.000000,0.000000,4.500,6.28246772e-10,6.28246772e-10,5.23538976e-03,0.00000000e+00
nsfet_n,IdVg,0.6,0.144000,0.600000,0.000000,0.000000,4.500,7.74400203e-10,7.74400203e-10,6.45333503e-03,0.00000000e+00
nsfet_n,IdVg,0.6,0.150000,0.600000,0.000000,0.000000,4.500,9.54519971e-10,9.54519971e-10,7.95433309e-03,0.00000000e+00
nsfet_n,IdVg,0.6,0.156000,0.600000,0.000000,0.000000,4.500,1.17645267e-09,1.17645267e-09,9.80377227e-03,0.00000000e+00
nsfet_n,IdVg,0.6,0.162000,0.600000,0.000000,0.000000,4.500,1.44986324e-09,1.44986324e-09,1.20821937e-02,0.00000000e+00
nsfet_n,IdVg,0.6,0.168000,0.600000,0.000000,0.000000,4.500,1.78670185e-09,1.78670185e-09,1.48891821e-02,0.00000000e+00
nsfet_n,IdVg,0.6,0.174000,0.600000,0.000000,0.000000,4.500,2.20159116e-09,2.20159116e-09,1.83465930e-02,0.00000000e+00
nsfet_n,IdVg,0.6,0.180000,0.600000,0.000000,0.000000,4.500,2.71251956e-09,2.71251956e-09,2.26043297e-02,0.00000000e+00
nsfet_n,IdVg,0.6,0.186000,0.600000,0.000000,0.000000,4.500,3.34165615e-09,3.34165615e-09,2.78471346e-02,0.00000000e+00
nsfet_n,IdVg,0.6,0.192000,0.600000,0.000000,0.000000,4.500,4.11615552e-09,4.11615552e-09,3.43012960e-02,0.00000000e+00
nsfet_n,IdVg,0.6,0.198000,0.600000,0.000000,0.000000,4.500,5.06941948e-09,5.06941948e-09,4.22451623e-02,0.00000000e+00
nsfet_n,IdVg,0.6,0.204000,0.600000,0.000000,0.000000,4.500,6.24237718e-09,6.24237718e-09,5.20198098e-02,0.00000000e+00
nsfet_n,IdVg,0.6,0.210000,0.600000,0.000000,0.000000,4.500,7.68524633e-09,7.68524633e-09,6.40437194e-02,0.00000000e+00
nsfet_n,IdVg,0.6,0.216000,0.600000,0.000000,0.000000,4.500,9.45946624e-09,9.45946624e-09,7.88288853e-02,0.00000000e+00
nsfet_n,IdVg,0.6,0.222000,0.600000,0.000000,0.000000,4.500,1.16402929e-08,1.16402929e-08,9.70024406e-02,0.00000000e+00
nsfet_n,IdVg,0.6,0.228000,0.600000,0.000000,0.000000,4.500,1.43198428e-08,1.43198428e-08,1.19332023e-01,0.00000000e+00
nsfet_n,IdVg,0.6,0.234000,0.600000,0.000000,0.000000,4.500,1.76105267e-08,1.76105267e-08,1.46754389e-01,0.00000000e+00
nsfet_n,IdVg,0.6,0.240000,0.600000,0.000000,0.000000,4.500,2.16494226e-08,2.16494226e-08,1.80411855e-01,0.00000000e+00
nsfet_n,IdVg,0.6,0.246000,0.600000,0.000000,0.000000,4.500,2.66035898e-08,2.66035898e-08,2.21696582e-01,0.00000000e+00
nsfet_n,IdVg,0.6,0.252000,0.600000,0.000000,0.000000,4.500,3.26758464e-08,3.26758464e-08,2.72298720e-01,0.00000000e+00
nsfet_n,IdVg,0.6,0.258000,0.600000,0.000000,0.000000,4.500,4.01122615e-08,4.01122615e-08,3.34268846e-01,0.00000000e+00
nsfet_n,IdVg,0.6,0.264000,0.600000,0.000000,0.000000,4.500,4.92102862e-08,4.92102862e-08,4.10085718e-01,0.00000000e+00
nsfet_n,IdVg,0.6,0.270000,0.600000,0.000000,0.000000,4.500,6.03281174e-08,6.03281174e-08,5.02734312e-01,0.00000000e+00
nsfet_n,IdVg,0.6,0.276000,0.600000,0.000000,0.000000,4.500,7.38952690e-08,7.38952690e-08,6.15793908e-01,0.00000000e+00
nsfet_n,IdVg,0.6,0.282000,0.600000,0.000000,0.000000,4.500,9.04257528e-08,9.04257528e-08,7.53547940e-01,0.00000000e+00
nsfet_n,IdVg,0.6,0.288000,0.600000,0.000000,0.000000,4.500,1.10531942e-07,1.10531942e-07,9.21099519e-01,0.00000000e+00
nsfet_n,IdVg,0.6,0.294000,0.600000,0.000000,0.000000,4.500,1.34937706e-07,1.34937706e-07,1.12448088e+00,0.00000000e+00
nsfet_n,IdVg,0.6,0.300000,0.600000,0.000000,0.000000,4.500,1.64496324e-07,1.64496324e-07,1.37080270e+00,0.00000000e+00
nsfet_n,IdVg,0.6,0.306000,0.600000,0.000000,0.000000,4.500,2.00203069e-07,2.00203069e-07,1.66835891e+00,0.00000000e+00
nsfet_n,IdVg,0.6,0.312000,0.600000,0.000000,0.000000,4.500,2.43204978e-07,2.43204978e-07,2.02670815e+00,0.00000000e+00
nsfet_n,IdVg,0.6,0.318000,0.600000,0.000000,0.000000,4.500,2.94803334e-07,2.94803334e-07,2.45669445e+00,0.00000000e+00
nsfet_n,IdVg,0.6,0.324000,0.600000,0.000000,0.000000,4.500,3.56479742e-07,3.56479742e-07,2.97066452e+00,0.00000000e+00
nsfet_n,IdVg,0.6,0.330000,0.600000,0.000000,0.000000,4.500,4.29791021e-07,4.29791021e-07,3.58159184e+00,0.00000000e+00
nsfet_n,IdVg,0.6,0.336000,0.600000,0.000000,0.000000,4.500,5.16401140e-07,5.16401140e-07,4.30334283e+00,0.00000000e+00
nsfet_n,IdVg,0.6,0.342000,0.600000,0.000000,0.000000,4.500,6.18089547e-07,6.18089547e-07,5.15074623e+00,0.00000000e+00
nsfet_n,IdVg,0.6,0.348000,0.600000,0.000000,0.000000,4.500,7.36107678e-07,7.36107678e-07,6.13423065e+00,0.00000000e+00
nsfet_n,IdVg,0.6,0.354000,0.600000,0.000000,0.000000,4.500,8.70567624e-07,8.70567624e-07,7.25473020e+00,0.00000000e+00
nsfet_n,IdVg,0.6,0.360000,0.600000,0.000000,0.000000,4.500,1.02129463e-06,1.02129463e-06,8.51078862e+00,0.00000000e+00
nsfet_n,IdVg,0.6,0.366000,0.600000,0.000000,0.000000,4.500,1.18944014e-06,1.18944014e-06,9.91200113e+00,0.00000000e+00
nsfet_n,IdVg,0.6,0.372000,0.600000,0.000000,0.000000,4.500,1.37611572e-06,1.37611572e-06,1.14676310e+01,0.00000000e+00
nsfet_n,IdVg,0.6,0.378000,0.600000,0.000000,0.000000,4.500,1.58244796e-06,1.58244796e-06,1.31870663e+01,0.00000000e+00
nsfet_n,IdVg,0.6,0.384000,0.600000,0.000000,0.000000,4.500,1.80958307e-06,1.80958307e-06,1.50798589e+01,0.00000000e+00
nsfet_n,IdVg,0.6,0.390000,0.600000,0.000000,0.000000,4.500,2.05825715e-06,2.05825715e-06,1.71521429e+01,0.00000000e+00
nsfet_n,IdVg,0.6,0.396000,0.600000,0.000000,0.000000,4.500,2.32850155e-06,2.32850155e-06,1.94041796e+01,0.00000000e+00
nsfet_n,IdVg,0.6,0.402000,0.600000,0.000000,0.000000,4.500,2.62018351e-06,2.62018351e-06,2.18348626e+01,0.00000000e+00
nsfet_n,IdVg,0.6,0.408000,0.600000,0.000000,0.000000,4.500,2.93325184e-06,2.93325184e-06,2.44437653e+01,0.00000000e+00
nsfet_n,IdVg,0.6,0.414000,0.600000,0.000000,0.000000,4.500,3.26728271e-06,3.26728271e-06,2.72273559e+01,0.00000000e+00
nsfet_n,IdVg,0.6,0.420000,0.600000,0.000000,0.000000,4.500,3.62166989e-06,3.62166989e-06,3.01805824e+01,0.00000000e+00
nsfet_n,IdVg,0.6,0.426000,0.600000,0.000000,0.000000,4.500,3.99562420e-06,3.99562420e-06,3.32968683e+01,0.00000000e+00
nsfet_n,IdVg,0.6,0.432000,0.600000,0.000000,0.000000,4.500,4.38820111e-06,4.38820111e-06,3.65683426e+01,0.00000000e+00
nsfet_n,IdVg,0.6,0.438000,0.600000,0.000000,0.000000,4.500,4.79841883e-06,4.79841883e-06,3.99868236e+01,0.00000000e+00
nsfet_n,IdVg,0.6,0.444000,0.600000,0.000000,0.000000,4.500,5.22526434e-06,5.22526434e-06,4.35438695e+01,0.00000000e+00
nsfet_n,IdVg,0.6,0.450000,0.600000,0.000000,0.000000,4.500,5.66765255e-06,5.66765255e-06,4.72304379e+01,0.00000000e+00
nsfet_n,IdVg,0.6,0.456000,0.600000,0.000000,0.000000,4.500,6.12448916e-06,6.12448916e-06,5.10374097e+01,0.00000000e+00
nsfet_n,IdVg,0.6,0.462000,0.600000,0.000000,0.000000,4.500,6.59467517e-06,6.59467517e-06,5.49556264e+01,0.00000000e+00
nsfet_n,IdVg,0.6,0.468000,0.600000,0.000000,0.000000,4.500,7.07712137e-06,7.07712137e-06,5.89760114e+01,0.00000000e+00
nsfet_n,IdVg,0.6,0.474000,0.600000,0.000000,0.000000,4.500,7.57076898e-06,7.57076898e-06,6.30897415e+01,0.00000000e+00
nsfet_n,IdVg,0.6,0.480000,0.600000,0.000000,0.000000,4.500,8.07462555e-06,8.07462555e-06,6.72885462e+01,0.00000000e+00
nsfet_n,IdVg,0.6,0.486000,0.600000,0.000000,0.000000,4.500,8.58775808e-06,8.58775808e-06,7.15646507e+01,0.00000000e+00
nsfet_n,IdVg,0.6,0.492000,0.600000,0.000000,0.000000,4.500,9.10930894e-06,9.10930894e-06,7.59109078e+01,0.00000000e+00
nsfet_n,IdVg,0.6,0.498000,0.600000,0.000000,0.000000,4.500,9.63852081e-06,9.63852081e-06,8.03210068e+01,0.00000000e+00
nsfet_n,IdVg,0.6,0.504000,0.600000,0.000000,0.000000,4.500,1.01747266e-05,1.01747266e-05,8.47893881e+01,0.00000000e+00
nsfet_n,IdVg,0.6,0.510000,0.600000,0.000000,0.000000,4.500,1.07173779e-05,1.07173779e-05,8.93114825e+01,0.00000000e+00
nsfet_n,IdVg,0.6,0.516000,0.600000,0.000000,0.000000,4.500,1.12660035e-05,1.12660035e-05,9.38833626e+01,0.00000000e+00
nsfet_n,IdVg,0.6,0.522000,0.600000,0.000000,0.000000,4.500,1.18202115e-05,1.18202115e-05,9.85017624e+01,0.00000000e+00
nsfet_n,IdVg,0.6,0.528000,0.600000,0.000000,0.000000,4.500,1.23797161e-05,1.23797161e-05,1.03164301e+02,0.00000000e+00
nsfet_n,IdVg,0.6,0.534000,0.600000,0.000000,0.000000,4.500,1.29442616e-05,1.29442616e-05,1.07868846e+02,0.00000000e+00
nsfet_n,IdVg,0.6,0.540000,0.600000,0.000000,0.000000,4.500,1.35136404e-05,1.35136404e-05,1.12613670e+02,0.00000000e+00
nsfet_n,IdVg,0.6,0.546000,0.600000,0.000000,0.000000,4.500,1.40876936e-05,1.40876936e-05,1.17397447e+02,0.00000000e+00
nsfet_n,IdVg,0.6,0.552000,0.600000,0.000000,0.000000,4.500,1.46662480e-05,1.46662480e-05,1.22218733e+02,0.00000000e+00
nsfet_n,IdVg,0.6,0.558000,0.600000,0.000000,0.000000,4.500,1.52491519e-05,1.52491519e-05,1.27076266e+02,0.00000000e+00
nsfet_n,IdVg,0.6,0.564000,0.600000,0.000000,0.000000,4.500,1.58362673e-05,1.58362673e-05,1.31968894e+02,0.00000000e+00
nsfet_n,IdVg,0.6,0.570000,0.600000,0.000000,0.000000,4.500,1.64274255e-05,1.64274255e-05,1.36895212e+02,0.00000000e+00
nsfet_n,IdVg,0.6,0.576000,0.600000,0.000000,0.000000,4.500,1.70224557e-05,1.70224557e-05,1.41853797e+02,0.00000000e+00
nsfet_n,IdVg,0.6,0.582000,0.600000,0.000000,0.000000,4.500,1.76211586e-05,1.76211586e-05,1.46842989e+02,0.00000000e+00
nsfet_n,IdVg,0.6,0.588000,0.600000,0.000000,0.000000,4.500,1.82233252e-05,1.82233252e-05,1.51861043e+02,0.00000000e+00
nsfet_n,IdVg,0.6,0.594000,0.600000,0.000000,0.000000,4.500,1.88287257e-05,1.88287257e-05,1.56906048e+02,0.00000000e+00
nsfet_n,IdVg,0.6,0.600000,0.600000,0.000000,0.000000,4.500,1.94371212e-05,1.94371212e-05,1.61976010e+02,0.00000000e+00
nsfet_n,IdVd,0.375,0.375000,0.000000,0.000000,0.000000,4.500,-3.04252130e-20,3.04252130e-20,2.53543442e-13,0.00000000e+00
nsfet_n,IdVd,0.375,0.375000,0.006000,0.000000,0.000000,4.500,5.73476155e-07,5.73476155e-07,4.77896795e+00,0.00000000e+00
nsfet_n,IdVd,0.375,0.375000,0.012000,0.000000,0.000000,4.500,8.68818719e-07,8.68818719e-07,7.24015599e+00,0.00000000e+00
nsfet_n,IdVd,0.375,0.375000,0.018000,0.000000,0.000000,4.500,1.01158021e-06,1.01158021e-06,8.42983507e+00,0.00000000e+00
nsfet_n,IdVd,0.375,0.375000,0.024000,0.000000,0.000000,4.500,1.07547760e-06,1.07547760e-06,8.96231330e+00,0.00000000e+00
nsfet_n,IdVd,0.375,0.375000,0.030000,0.000000,0.000000,4.500,1.10199806e-06,1.10199806e-06,9.18331717e+00,0.00000000e+00
nsfet_n,IdVd,0.375,0.375000,0.036000,0.000000,0.000000,4.500,1.11428457e-06,1.11428457e-06,9.28570472e+00,0.00000000e+00
nsfet_n,IdVd,0.375,0.375000,0.042000,0.000000,0.000000,4.500,1.12371621e-06,1.12371621e-06,9.36430171e+00,0.00000000e+00
nsfet_n,IdVd,0.375,0.375000,0.048000,0.000000,0.000000,4.500,1.13270018e-06,1.13270018e-06,9.43916817e+00,0.00000000e+00
nsfet_n,IdVd,0.375,0.375000,0.054000,0.000000,0.000000,4.500,1.14059032e-06,1.14059032e-06,9.50491931e+00,0.00000000e+00
nsfet_n,IdVd,0.375,0.375000,0.060000,0.000000,0.000000,4.500,1.14800450e-06,1.14800450e-06,9.56670417e+00,0.00000000e+00
nsfet_n,IdVd,0.375,0.375000,0.066000,0.000000,0.000000,4.500,1.15630938e-06,1.15630938e-06,9.63591153e+00,0.00000000e+00
nsfet_n,IdVd,0.375,0.375000,0.072000,0.000000,0.000000,4.500,1.16574779e-06,1.16574779e-06,9.71456491e+00,0.00000000e+00
nsfet_n,IdVd,0.375,0.375000,0.078000,0.000000,0.000000,4.500,1.17521696e-06,1.17521696e-06,9.79347468e+00,0.00000000e+00
nsfet_n,IdVd,0.375,0.375000,0.084000,0.000000,0.000000,4.500,1.18399103e-06,1.18399103e-06,9.86659190e+00,0.00000000e+00
nsfet_n,IdVd,0.375,0.375000,0.090000,0.000000,0.000000,4.500,1.19197273e-06,1.19197273e-06,9.93310607e+00,0.00000000e+00
nsfet_n,IdVd,0.375,0.375000,0.096000,0.000000,0.000000,4.500,1.19925310e-06,1.19925310e-06,9.99377579e+00,0.00000000e+00
nsfet_n,IdVd,0.375,0.375000,0.102000,0.000000,0.000000,4.500,1.20596550e-06,1.20596550e-06,1.00497125e+01,0.00000000e+00
nsfet_n,IdVd,0.375,0.375000,0.108000,0.000000,0.000000,4.500,1.21221015e-06,1.21221015e-06,1.01017512e+01,0.00000000e+00
nsfet_n,IdVd,0.375,0.375000,0.114000,0.000000,0.000000,4.500,1.21807861e-06,1.21807861e-06,1.01506551e+01,0.00000000e+00
nsfet_n,IdVd,0.375,0.375000,0.120000,0.000000,0.000000,4.500,1.22365853e-06,1.22365853e-06,1.01971544e+01,0.00000000e+00
nsfet_n,IdVd,0.375,0.375000,0.126000,0.000000,0.000000,4.500,1.22901482e-06,1.22901482e-06,1.02417902e+01,0.00000000e+00
nsfet_n,IdVd,0.375,0.375000,0.132000,0.000000,0.000000,4.500,1.23420459e-06,1.23420459e-06,1.02850383e+01,0.00000000e+00
nsfet_n,IdVd,0.375,0.375000,0.138000,0.000000,0.000000,4.500,1.23925222e-06,1.23925222e-06,1.03271018e+01,0.00000000e+00
nsfet_n,IdVd,0.375,0.375000,0.144000,0.000000,0.000000,4.500,1.24417536e-06,1.24417536e-06,1.03681280e+01,0.00000000e+00
nsfet_n,IdVd,0.375,0.375000,0.150000,0.000000,0.000000,4.500,1.24899106e-06,1.24899106e-06,1.04082589e+01,0.00000000e+00
nsfet_n,IdVd,0.375,0.375000,0.156000,0.000000,0.000000,4.500,1.25370803e-06,1.25370803e-06,1.04475669e+01,0.00000000e+00
nsfet_n,IdVd,0.375,0.375000,0.162000,0.000000,0.000000,4.500,1.25832784e-06,1.25832784e-06,1.04860653e+01,0.00000000e+00
nsfet_n,IdVd,0.375,0.375000,0.168000,0.000000,0.000000,4.500,1.26284746e-06,1.26284746e-06,1.05237288e+01,0.00000000e+00
nsfet_n,IdVd,0.375,0.375000,0.174000,0.000000,0.000000,4.500,1.26727512e-06,1.26727512e-06,1.05606260e+01,0.00000000e+00
nsfet_n,IdVd,0.375,0.375000,0.180000,0.000000,0.000000,4.500,1.27161290e-06,1.27161290e-06,1.05967742e+01,0.00000000e+00
nsfet_n,IdVd,0.375,0.375000,0.186000,0.000000,0.000000,4.500,1.27587169e-06,1.27587169e-06,1.06322641e+01,0.00000000e+00
nsfet_n,IdVd,0.375,0.375000,0.192000,0.000000,0.000000,4.500,1.28005388e-06,1.28005388e-06,1.06671157e+01,0.00000000e+00
nsfet_n,IdVd,0.375,0.375000,0.198000,0.000000,0.000000,4.500,1.28415495e-06,1.28415495e-06,1.07012913e+01,0.00000000e+00
nsfet_n,IdVd,0.375,0.375000,0.204000,0.000000,0.000000,4.500,1.28818508e-06,1.28818508e-06,1.07348756e+01,0.00000000e+00
nsfet_n,IdVd,0.375,0.375000,0.210000,0.000000,0.000000,4.500,1.29215636e-06,1.29215636e-06,1.07679697e+01,0.00000000e+00
nsfet_n,IdVd,0.375,0.375000,0.216000,0.000000,0.000000,4.500,1.29607032e-06,1.29607032e-06,1.08005860e+01,0.00000000e+00
nsfet_n,IdVd,0.375,0.375000,0.222000,0.000000,0.000000,4.500,1.29992999e-06,1.29992999e-06,1.08327499e+01,0.00000000e+00
nsfet_n,IdVd,0.375,0.375000,0.228000,0.000000,0.000000,4.500,1.30373664e-06,1.30373664e-06,1.08644720e+01,0.00000000e+00
nsfet_n,IdVd,0.375,0.375000,0.234000,0.000000,0.000000,4.500,1.30748786e-06,1.30748786e-06,1.08957322e+01,0.00000000e+00
nsfet_n,IdVd,0.375,0.375000,0.240000,0.000000,0.000000,4.500,1.31118614e-06,1.31118614e-06,1.09265511e+01,0.00000000e+00
nsfet_n,IdVd,0.375,0.375000,0.246000,0.000000,0.000000,4.500,1.31482734e-06,1.31482734e-06,1.09568945e+01,0.00000000e+00
nsfet_n,IdVd,0.375,0.375000,0.252000,0.000000,0.000000,4.500,1.31841700e-06,1.31841700e-06,1.09868083e+01,0.00000000e+00
nsfet_n,IdVd,0.375,0.375000,0.258000,0.000000,0.000000,4.500,1.32195647e-06,1.32195647e-06,1.10163039e+01,0.00000000e+00
nsfet_n,IdVd,0.375,0.375000,0.264000,0.000000,0.000000,4.500,1.32544877e-06,1.32544877e-06,1.10454064e+01,0.00000000e+00
nsfet_n,IdVd,0.375,0.375000,0.270000,0.000000,0.000000,4.500,1.32889636e-06,1.32889636e-06,1.10741363e+01,0.00000000e+00
nsfet_n,IdVd,0.375,0.375000,0.276000,0.000000,0.000000,4.500,1.33229879e-06,1.33229879e-06,1.11024900e+01,0.00000000e+00
nsfet_n,IdVd,0.375,0.375000,0.282000,0.000000,0.000000,4.500,1.33565943e-06,1.33565943e-06,1.11304952e+01,0.00000000e+00
nsfet_n,IdVd,0.375,0.375000,0.288000,0.000000,0.000000,4.500,1.33897867e-06,1.33897867e-06,1.11581556e+01,0.00000000e+00
nsfet_n,IdVd,0.375,0.375000,0.294000,0.000000,0.000000,4.500,1.34225793e-06,1.34225793e-06,1.11854827e+01,0.00000000e+00
nsfet_n,IdVd,0.375,0.375000,0.300000,0.000000,0.000000,4.500,1.34549776e-06,1.34549776e-06,1.12124813e+01,0.00000000e+00
nsfet_n,IdVd,0.375,0.375000,0.306000,0.000000,0.000000,4.500,1.34870058e-06,1.34870058e-06,1.12391715e+01,0.00000000e+00
nsfet_n,IdVd,0.375,0.375000,0.312000,0.000000,0.000000,4.500,1.35186772e-06,1.35186772e-06,1.12655643e+01,0.00000000e+00
nsfet_n,IdVd,0.375,0.375000,0.318000,0.000000,0.000000,4.500,1.35500172e-06,1.35500172e-06,1.12916810e+01,0.00000000e+00
nsfet_n,IdVd,0.375,0.375000,0.324000,0.000000,0.000000,4.500,1.35810514e-06,1.35810514e-06,1.13175429e+01,0.00000000e+00
nsfet_n,IdVd,0.375,0.375000,0.330000,0.000000,0.000000,4.500,1.36117501e-06,1.36117501e-06,1.13431251e+01,0.00000000e+00
nsfet_n,IdVd,0.375,0.375000,0.336000,0.000000,0.000000,4.500,1.36421002e-06,1.36421002e-06,1.13684168e+01,0.00000000e+00
nsfet_n,IdVd,0.375,0.375000,0.342000,0.000000,0.000000,4.500,1.36720694e-06,1.36720694e-06,1.13933911e+01,0.00000000e+00
nsfet_n,IdVd,0.375,0.375000,0.348000,0.000000,0.000000,4.500,1.37016412e-06,1.37016412e-06,1.14180343e+01,0.00000000e+00
nsfet_n,IdVd,0.375,0.375000,0.354000,0.000000,0.000000,4.500,1.37309217e-06,1.37309217e-06,1.14424347e+01,0.00000000e+00
nsfet_n,IdVd,0.375,0.375000,0.360000,0.000000,0.000000,4.500,1.37599440e-06,1.37599440e-06,1.14666200e+01,0.00000000e+00
nsfet_n,IdVd,0.375,0.375000,0.366000,0.000000,0.000000,4.500,1.37887206e-06,1.37887206e-06,1.14906005e+01,0.00000000e+00
nsfet_n,IdVd,0.375,0.375000,0.372000,0.000000,0.000000,4.500,1.38172189e-06,1.38172189e-06,1.15143491e+01,0.00000000e+00
nsfet_n,IdVd,0.375,0.375000,0.378000,0.000000,0.000000,4.500,1.38454638e-06,1.38454638e-06,1.15378865e+01,0.00000000e+00
nsfet_n,IdVd,0.375,0.375000,0.384000,0.000000,0.000000,4.500,1.38734403e-06,1.38734403e-06,1.15612003e+01,0.00000000e+00
nsfet_n,IdVd,0.375,0.375000,0.390000,0.000000,0.000000,4.500,1.39011709e-06,1.39011709e-06,1.15843091e+01,0.00000000e+00
nsfet_n,IdVd,0.375,0.375000,0.396000,0.000000,0.000000,4.500,1.39286903e-06,1.39286903e-06,1.16072419e+01,0.00000000e+00
nsfet_n,IdVd,0.375,0.375000,0.402000,0.000000,0.000000,4.500,1.39559766e-06,1.39559766e-06,1.16299805e+01,0.00000000e+00
nsfet_n,IdVd,0.375,0.375000,0.408000,0.000000,0.000000,4.500,1.39830469e-06,1.39830469e-06,1.16525391e+01,0.00000000e+00
nsfet_n,IdVd,0.375,0.375000,0.414000,0.000000,0.000000,4.500,1.40098947e-06,1.40098947e-06,1.16749123e+01,0.00000000e+00
nsfet_n,IdVd,0.375,0.375000,0.420000,0.000000,0.000000,4.500,1.40365658e-06,1.40365658e-06,1.16971382e+01,0.00000000e+00
nsfet_n,IdVd,0.375,0.375000,0.426000,0.000000,0.000000,4.500,1.40630657e-06,1.40630657e-06,1.17192214e+01,0.00000000e+00
nsfet_n,IdVd,0.375,0.375000,0.432000,0.000000,0.000000,4.500,1.40893880e-06,1.40893880e-06,1.17411567e+01,0.00000000e+00
nsfet_n,IdVd,0.375,0.375000,0.438000,0.000000,0.000000,4.500,1.41155531e-06,1.41155531e-06,1.17629609e+01,0.00000000e+00
nsfet_n,IdVd,0.375,0.375000,0.444000,0.000000,0.000000,4.500,1.41415614e-06,1.41415614e-06,1.17846345e+01,0.00000000e+00
nsfet_n,IdVd,0.375,0.375000,0.450000,0.000000,0.000000,4.500,1.41674140e-06,1.41674140e-06,1.18061784e+01,0.00000000e+00
nsfet_n,IdVd,0.375,0.375000,0.456000,0.000000,0.000000,4.500,1.41931135e-06,1.41931135e-06,1.18275946e+01,0.00000000e+00
nsfet_n,IdVd,0.375,0.375000,0.462000,0.000000,0.000000,4.500,1.42186611e-06,1.42186611e-06,1.18488843e+01,0.00000000e+00
nsfet_n,IdVd,0.375,0.375000,0.468000,0.000000,0.000000,4.500,1.42440654e-06,1.42440654e-06,1.18700545e+01,0.00000000e+00
nsfet_n,IdVd,0.375,0.375000,0.474000,0.000000,0.000000,4.500,1.42693194e-06,1.42693194e-06,1.18910995e+01,0.00000000e+00
nsfet_n,IdVd,0.375,0.375000,0.480000,0.000000,0.000000,4.500,1.42944252e-06,1.42944252e-06,1.19120210e+01,0.00000000e+00
nsfet_n,IdVd,0.375,0.375000,0.486000,0.000000,0.000000,4.500,1.43193845e-06,1.43193845e-06,1.19328204e+01,0.00000000e+00
nsfet_n,IdVd,0.375,0.375000,0.492000,0.000000,0.000000,4.500,1.43442072e-06,1.43442072e-06,1.19535060e+01,0.00000000e+00
nsfet_n,IdVd,0.375,0.375000,0.498000,0.000000,0.000000,4.500,1.43688813e-06,1.43688813e-06,1.19740677e+01,0.00000000e+00
nsfet_n,IdVd,0.375,0.375000,0.504000,0.000000,0.000000,4.500,1.43933908e-06,1.43933908e-06,1.19944923e+01,0.00000000e+00
nsfet_n,IdVd,0.375,0.375000,0.510000,0.000000,0.000000,4.500,1.44177622e-06,1.44177622e-06,1.20148018e+01,0.00000000e+00
nsfet_n,IdVd,0.375,0.375000,0.516000,0.000000,0.000000,4.500,1.44420008e-06,1.44420008e-06,1.20350007e+01,0.00000000e+00
nsfet_n,IdVd,0.375,0.375000,0.522000,0.000000,0.000000,4.500,1.44661104e-06,1.44661104e-06,1.20550920e+01,0.00000000e+00
nsfet_n,IdVd,0.375,0.375000,0.528000,0.000000,0.000000,4.500,1.44900685e-06,1.44900685e-06,1.20750571e+01,0.00000000e+00
nsfet_n,IdVd,0.375,0.375000,0.534000,0.000000,0.000000,4.500,1.45138824e-06,1.45138824e-06,1.20949020e+01,0.00000000e+00
nsfet_n,IdVd,0.375,0.375000,0.540000,0.000000,0.000000,4.500,1.45375580e-06,1.45375580e-06,1.21146317e+01,0.00000000e+00
nsfet_n,IdVd,0.375,0.375000,0.546000,0.000000,0.000000,4.500,1.45611031e-06,1.45611031e-06,1.21342526e+01,0.00000000e+00
nsfet_n,IdVd,0.375,0.375000,0.552000,0.000000,0.000000,4.500,1.45845258e-06,1.45845258e-06,1.21537715e+01,0.00000000e+00
nsfet_n,IdVd,0.375,0.375000,0.558000,0.000000,0.000000,4.500,1.46078223e-06,1.46078223e-06,1.21731852e+01,0.00000000e+00
nsfet_n,IdVd,0.375,0.375000,0.564000,0.000000,0.000000,4.500,1.46309819e-06,1.46309819e-06,1.21924849e+01,0.00000000e+00
nsfet_n,IdVd,0.375,0.375000,0.570000,0.000000,0.000000,4.500,1.46540084e-06,1.46540084e-06,1.22116737e+01,0.00000000e+00
nsfet_n,IdVd,0.375,0.375000,0.576000,0.000000,0.000000,4.500,1.46769107e-06,1.46769107e-06,1.22307590e+01,0.00000000e+00
nsfet_n,IdVd,0.375,0.375000,0.582000,0.000000,0.000000,4.500,1.46997035e-06,1.46997035e-06,1.22497529e+01,0.00000000e+00
nsfet_n,IdVd,0.375,0.375000,0.588000,0.000000,0.000000,4.500,1.47223819e-06,1.47223819e-06,1.22686516e+01,0.00000000e+00
nsfet_n,IdVd,0.375,0.375000,0.594000,0.000000,0.000000,4.500,1.47449557e-06,1.47449557e-06,1.22874631e+01,0.00000000e+00
nsfet_n,IdVd,0.375,0.375000,0.600000,0.000000,0.000000,4.500,1.47673917e-06,1.47673917e-06,1.23061598e+01,0.00000000e+00
nsfet_n,IdVd,0.45,0.450000,0.000000,0.000000,0.000000,4.500,1.30126064e-19,1.30126064e-19,1.08438386e-12,0.00000000e+00
nsfet_n,IdVd,0.45,0.450000,0.006000,0.000000,0.000000,4.500,1.65796476e-06,1.65796476e-06,1.38163730e+01,0.00000000e+00
nsfet_n,IdVd,0.45,0.450000,0.012000,0.000000,0.000000,4.500,2.80147790e-06,2.80147790e-06,2.33456492e+01,0.00000000e+00
nsfet_n,IdVd,0.45,0.450000,0.018000,0.000000,0.000000,4.500,3.56567521e-06,3.56567521e-06,2.97139601e+01,0.00000000e+00
nsfet_n,IdVd,0.45,0.450000,0.024000,0.000000,0.000000,4.500,4.06460226e-06,4.06460226e-06,3.38716855e+01,0.00000000e+00
nsfet_n,IdVd,0.45,0.450000,0.030000,0.000000,0.000000,4.500,4.38185560e-06,4.38185560e-06,3.65154634e+01,0.00000000e+00
nsfet_n,IdVd,0.45,0.450000,0.036000,0.000000,0.000000,4.500,4.57733827e-06,4.57733827e-06,3.81444856e+01,0.00000000e+00
nsfet_n,IdVd,0.45,0.450000,0.042000,0.000000,0.000000,4.500,4.69510128e-06,4.69510128e-06,3.91258440e+01,0.00000000e+00
nsfet_n,IdVd,0.45,0.450000,0.048000,0.000000,0.000000,4.500,4.76863010e-06,4.76863010e-06,3.97385842e+01,0.00000000e+00
nsfet_n,IdVd,0.45,0.450000,0.054000,0.000000,0.000000,4.500,4.82160367e-06,4.82160367e-06,4.01800306e+01,0.00000000e+00
nsfet_n,IdVd,0.45,0.450000,0.060000,0.000000,0.000000,4.500,4.86671255e-06,4.86671255e-06,4.05559379e+01,0.00000000e+00
nsfet_n,IdVd,0.45,0.450000,0.066000,0.000000,0.000000,4.500,4.90846350e-06,4.90846350e-06,4.09038625e+01,0.00000000e+00
nsfet_n,IdVd,0.45,0.450000,0.072000,0.000000,0.000000,4.500,4.94789045e-06,4.94789045e-06,4.12324204e+01,0.00000000e+00
nsfet_n,IdVd,0.45,0.450000,0.078000,0.000000,0.000000,4.500,4.98480962e-06,4.98480962e-06,4.15400801e+01,0.00000000e+00
nsfet_n,IdVd,0.45,0.450000,0.084000,0.000000,0.000000,4.500,5.01896898e-06,5.01896898e-06,4.18247415e+01,0.00000000e+00
nsfet_n,IdVd,0.45,0.450000,0.090000,0.000000,0.000000,4.500,5.05046659e-06,5.05046659e-06,4.20872216e+01,0.00000000e+00
nsfet_n,IdVd,0.45,0.450000,0.096000,0.000000,0.000000,4.500,5.07955838e-06,5.07955838e-06,4.23296532e+01,0.00000000e+00
nsfet_n,IdVd,0.45,0.450000,0.102000,0.000000,0.000000,4.500,5.10648061e-06,5.10648061e-06,4.25540051e+01,0.00000000e+00
nsfet_n,IdVd,0.45,0.450000,0.108000,0.000000,0.000000,4.500,5.13142716e-06,5.13142716e-06,4.27618930e+01,0.00000000e+00
nsfet_n,IdVd,0.45,0.450000,0.114000,0.000000,0.000000,4.500,5.15453619e-06,5.15453619e-06,4.29544683e+01,0.00000000e+00
nsfet_n,IdVd,0.45,0.450000,0.120000,0.000000,0.000000,4.500,5.17591894e-06,5.17591894e-06,4.31326578e+01,0.00000000e+00
nsfet_n,IdVd,0.45,0.450000,0.126000,0.000000,0.000000,4.500,5.19567745e-06,5.19567745e-06,4.32973121e+01,0.00000000e+00
nsfet_n,IdVd,0.45,0.450000,0.132000,0.000000,0.000000,4.500,5.21391328e-06,5.21391328e-06,4.34492774e+01,0.00000000e+00
nsfet_n,IdVd,0.45,0.450000,0.138000,0.000000,0.000000,4.500,5.23072815e-06,5.23072815e-06,4.35894012e+01,0.00000000e+00
nsfet_n,IdVd,0.45,0.450000,0.144000,0.000000,0.000000,4.500,5.24622823e-06,5.24622823e-06,4.37185686e+01,0.00000000e+00
nsfet_n,IdVd,0.45,0.450000,0.150000,0.000000,0.000000,4.500,5.26052779e-06,5.26052779e-06,4.38377316e+01,0.00000000e+00
nsfet_n,IdVd,0.45,0.450000,0.156000,0.000000,0.000000,4.500,5.27374158e-06,5.27374158e-06,4.39478465e+01,0.00000000e+00
nsfet_n,IdVd,0.45,0.450000,0.162000,0.000000,0.000000,4.500,5.28599351e-06,5.28599351e-06,4.40499459e+01,0.00000000e+00
nsfet_n,IdVd,0.45,0.450000,0.168000,0.000000,0.000000,4.500,5.29740994e-06,5.29740994e-06,4.41450829e+01,0.00000000e+00
nsfet_n,IdVd,0.45,0.450000,0.174000,0.000000,0.000000,4.500,5.30811205e-06,5.30811205e-06,4.42342670e+01,0.00000000e+00
nsfet_n,IdVd,0.45,0.450000,0.180000,0.000000,0.000000,4.500,5.31821365e-06,5.31821365e-06,4.43184471e+01,0.00000000e+00
nsfet_n,IdVd,0.45,0.450000,0.186000,0.000000,0.000000,4.500,5.32781155e-06,5.32781155e-06,4.43984296e+01,0.00000000e+00
nsfet_n,IdVd,0.45,0.450000,0.192000,0.000000,0.000000,4.500,5.33698472e-06,5.33698472e-06,4.44748727e+01,0.00000000e+00
nsfet_n,IdVd,0.45,0.450000,0.198000,0.000000,0.000000,4.500,5.34579800e-06,5.34579800e-06,4.45483166e+01,0.00000000e+00
nsfet_n,IdVd,0.45,0.450000,0.204000,0.000000,0.000000,4.500,5.35429998e-06,5.35429998e-06,4.46191665e+01,0.00000000e+00
nsfet_n,IdVd,0.45,0.450000,0.210000,0.000000,0.000000,4.500,5.36252305e-06,5.36252305e-06,4.46876921e+01,0.00000000e+00
nsfet_n,IdVd,0.45,0.450000,0.216000,0.000000,0.000000,4.500,5.37049562e-06,5.37049562e-06,4.47541302e+01,0.00000000e+00
nsfet_n,IdVd,0.45,0.450000,0.222000,0.000000,0.000000,4.500,5.37823800e-06,5.37823800e-06,4.48186500e+01,0.00000000e+00
nsfet_n,IdVd,0.45,0.450000,0.228000,0.000000,0.000000,4.500,5.38576772e-06,5.38576772e-06,4.48813977e+01,0.00000000e+00
nsfet_n,IdVd,0.45,0.450000,0.234000,0.000000,0.000000,4.500,5.39309800e-06,5.39309800e-06,4.49424833e+01,0.00000000e+00
nsfet_n,IdVd,0.45,0.450000,0.240000,0.000000,0.000000,4.500,5.40024057e-06,5.40024057e-06,4.50020048e+01,0.00000000e+00
nsfet_n,IdVd,0.45,0.450000,0.246000,0.000000,0.000000,4.500,5.40720524e-06,5.40720524e-06,4.50600437e+01,0.00000000e+00
nsfet_n,IdVd,0.45,0.450000,0.252000,0.000000,0.000000,4.500,5.41400041e-06,5.41400041e-06,4.51166700e+01,0.00000000e+00
nsfet_n,IdVd,0.45,0.450000,0.258000,0.000000,0.000000,4.500,5.42063357e-06,5.42063357e-06,4.51719464e+01,0.00000000e+00
nsfet_n,IdVd,0.45,0.450000,0.264000,0.000000,0.000000,4.500,5.42711324e-06,5.42711324e-06,4.52259437e+01,0.00000000e+00
nsfet_n,IdVd,0.45,0.450000,0.270000,0.000000,0.000000,4.500,5.43344468e-06,5.43344468e-06,4.52787057e+01,0.00000000e+00
nsfet_n,IdVd,0.45,0.450000,0.276000,0.000000,0.000000,4.500,5.43963463e-06,5.43963463e-06,4.53302885e+01,0.00000000e+00
nsfet_n,IdVd,0.45,0.450000,0.282000,0.000000,0.000000,4.500,5.44568961e-06,5.44568961e-06,4.53807467e+01,0.00000000e+00
nsfet_n,IdVd,0.45,0.450000,0.288000,0.000000,0.000000,4.500,5.45161648e-06,5.45161648e-06,4.54301373e+01,0.00000000e+00
nsfet_n,IdVd,0.45,0.450000,0.294000,0.000000,0.000000,4.500,5.45742097e-06,5.45742097e-06,4.54785081e+01,0.00000000e+00
nsfet_n,IdVd,0.45,0.450000,0.300000,0.000000,0.000000,4.500,5.46310813e-06,5.46310813e-06,4.55259011e+01,0.00000000e+00
nsfet_n,IdVd,0.45,0.450000,0.306000,0.000000,0.000000,4.500,5.46868306e-06,5.46868306e-06,4.55723588e+01,0.00000000e+00
nsfet_n,IdVd,0.45,0.450000,0.312000,0.000000,0.000000,4.500,5.47415105e-06,5.47415105e-06,4.56179254e+01,0.00000000e+00
nsfet_n,IdVd,0.45,0.450000,0.318000,0.000000,0.000000,4.500,5.47951673e-06,5.47951673e-06,4.56626394e+01,0.00000000e+00
nsfet_n,IdVd,0.45,0.450000,0.324000,0.000000,0.000000,4.500,5.48478540e-06,5.48478540e-06,4.57065450e+01,0.00000000e+00
nsfet_n,IdVd,0.45,0.450000,0.330000,0.000000,0.000000,4.500,5.48996066e-06,5.48996066e-06,4.57496722e+01,0.00000000e+00
nsfet_n,IdVd,0.45,0.450000,0.336000,0.000000,0.000000,4.500,5.49504728e-06,5.49504728e-06,4.57920606e+01,0.00000000e+00
nsfet_n,IdVd,0.45,0.450000,0.342000,0.000000,0.000000,4.500,5.50004970e-06,5.50004970e-06,4.58337475e+01,0.00000000e+00
nsfet_n,IdVd,0.45,0.450000,0.348000,0.000000,0.000000,4.500,5.50497132e-06,5.50497132e-06,4.58747610e+01,0.00000000e+00
nsfet_n,IdVd,0.45,0.450000,0.354000,0.000000,0.000000,4.500,5.50981634e-06,5.50981634e-06,4.59151362e+01,0.00000000e+00
nsfet_n,IdVd,0.45,0.450000,0.360000,0.000000,0.000000,4.500,5.51458766e-06,5.51458766e-06,4.59548972e+01,0.00000000e+00
nsfet_n,IdVd,0.45,0.450000,0.366000,0.000000,0.000000,4.500,5.51928817e-06,5.51928817e-06,4.59940681e+01,0.00000000e+00
nsfet_n,IdVd,0.45,0.450000,0.372000,0.000000,0.000000,4.500,5.52392176e-06,5.52392176e-06,4.60326814e+01,0.00000000e+00
nsfet_n,IdVd,0.45,0.450000,0.378000,0.000000,0.000000,4.500,5.52849166e-06,5.52849166e-06,4.60707638e+01,0.00000000e+00
nsfet_n,IdVd,0.45,0.450000,0.384000,0.000000,0.000000,4.500,5.53300057e-06,5.53300057e-06,4.61083381e+01,0.00000000e+00
nsfet_n,IdVd,0.45,0.450000,0.390000,0.000000,0.000000,4.500,5.53745034e-06,5.53745034e-06,4.61454195e+01,0.00000000e+00
nsfet_n,IdVd,0.45,0.450000,0.396000,0.000000,0.000000,4.500,5.54184374e-06,5.54184374e-06,4.61820312e+01,0.00000000e+00
nsfet_n,IdVd,0.45,0.450000,0.402000,0.000000,0.000000,4.500,5.54618241e-06,5.54618241e-06,4.62181867e+01,0.00000000e+00
nsfet_n,IdVd,0.45,0.450000,0.408000,0.000000,0.000000,4.500,5.55046855e-06,5.55046855e-06,4.62539046e+01,0.00000000e+00
nsfet_n,IdVd,0.45,0.450000,0.414000,0.000000,0.000000,4.500,5.55470426e-06,5.55470426e-06,4.62892022e+01,0.00000000e+00
nsfet_n,IdVd,0.45,0.450000,0.420000,0.000000,0.000000,4.500,5.55889120e-06,5.55889120e-06,4.63240933e+01,0.00000000e+00
nsfet_n,IdVd,0.45,0.450000,0.426000,0.000000,0.000000,4.500,5.56303106e-06,5.56303106e-06,4.63585921e+01,0.00000000e+00
nsfet_n,IdVd,0.45,0.450000,0.432000,0.000000,0.000000,4.500,5.56712557e-06,5.56712557e-06,4.63927131e+01,0.00000000e+00
nsfet_n,IdVd,0.45,0.450000,0.438000,0.000000,0.000000,4.500,5.57117645e-06,5.57117645e-06,4.64264704e+01,0.00000000e+00
nsfet_n,IdVd,0.45,0.450000,0.444000,0.000000,0.000000,4.500,5.57518509e-06,5.57518509e-06,4.64598757e+01,0.00000000e+00
nsfet_n,IdVd,0.45,0.450000,0.450000,0.000000,0.000000,4.500,5.57915273e-06,5.57915273e-06,4.64929394e+01,0.00000000e+00
nsfet_n,IdVd,0.45,0.450000,0.456000,0.000000,0.000000,4.500,5.58308012e-06,5.58308012e-06,4.65256677e+01,0.00000000e+00
nsfet_n,IdVd,0.45,0.450000,0.462000,0.000000,0.000000,4.500,5.58696910e-06,5.58696910e-06,4.65580758e+01,0.00000000e+00
nsfet_n,IdVd,0.45,0.450000,0.468000,0.000000,0.000000,4.500,5.59082028e-06,5.59082028e-06,4.65901690e+01,0.00000000e+00
nsfet_n,IdVd,0.45,0.450000,0.474000,0.000000,0.000000,4.500,5.59463488e-06,5.59463488e-06,4.66219574e+01,0.00000000e+00
nsfet_n,IdVd,0.45,0.450000,0.480000,0.000000,0.000000,4.500,5.59841411e-06,5.59841411e-06,4.66534509e+01,0.00000000e+00
nsfet_n,IdVd,0.45,0.450000,0.486000,0.000000,0.000000,4.500,5.60215884e-06,5.60215884e-06,4.66846570e+01,0.00000000e+00
nsfet_n,IdVd,0.45,0.450000,0.492000,0.000000,0.000000,4.500,5.60586892e-06,5.60586892e-06,4.67155743e+01,0.00000000e+00
nsfet_n,IdVd,0.45,0.450000,0.498000,0.000000,0.000000,4.500,5.60954536e-06,5.60954536e-06,4.67462113e+01,0.00000000e+00
nsfet_n,IdVd,0.45,0.450000,0.504000,0.000000,0.000000,4.500,5.61318955e-06,5.61318955e-06,4.67765796e+01,0.00000000e+00
nsfet_n,IdVd,0.45,0.450000,0.510000,0.000000,0.000000,4.500,5.61680247e-06,5.61680247e-06,4.68066873e+01,0.00000000e+00
nsfet_n,IdVd,0.45,0.450000,0.516000,0.000000,0.000000,4.500,5.62038457e-06,5.62038457e-06,4.68365381e+01,0.00000000e+00
nsfet_n,IdVd,0.45,0.450000,0.522000,0.000000,0.000000,4.500,5.62393604e-06,5.62393604e-06,4.68661337e+01,0.00000000e+00
nsfet_n,IdVd,0.45,0.450000,0.528000,0.000000,0.000000,4.500,5.62745760e-06,5.62745760e-06,4.68954800e+01,0.00000000e+00
nsfet_n,IdVd,0.45,0.450000,0.534000,0.000000,0.000000,4.500,5.63095040e-06,5.63095040e-06,4.69245867e+01,0.00000000e+00
nsfet_n,IdVd,0.45,0.450000,0.540000,0.000000,0.000000,4.500,5.63441509e-06,5.63441509e-06,4.69534591e+01,0.00000000e+00
nsfet_n,IdVd,0.45,0.450000,0.546000,0.000000,0.000000,4.500,5.63785181e-06,5.63785181e-06,4.69820984e+01,0.00000000e+00
nsfet_n,IdVd,0.45,0.450000,0.552000,0.000000,0.000000,4.500,5.64126150e-06,5.64126150e-06,4.70105125e+01,0.00000000e+00
nsfet_n,IdVd,0.45,0.450000,0.558000,0.000000,0.000000,4.500,5.64464483e-06,5.64464483e-06,4.70387069e+01,0.00000000e+00
nsfet_n,IdVd,0.45,0.450000,0.564000,0.000000,0.000000,4.500,5.64800268e-06,5.64800268e-06,4.70666890e+01,0.00000000e+00
nsfet_n,IdVd,0.45,0.450000,0.570000,0.000000,0.000000,4.500,5.65133556e-06,5.65133556e-06,4.70944630e+01,0.00000000e+00
nsfet_n,IdVd,0.45,0.450000,0.576000,0.000000,0.000000,4.500,5.65464424e-06,5.65464424e-06,4.71220353e+01,0.00000000e+00
nsfet_n,IdVd,0.45,0.450000,0.582000,0.000000,0.000000,4.500,5.65792962e-06,5.65792962e-06,4.71494135e+01,0.00000000e+00
nsfet_n,IdVd,0.45,0.450000,0.588000,0.000000,0.000000,4.500,5.66119245e-06,5.66119245e-06,4.71766037e+01,0.00000000e+00
nsfet_n,IdVd,0.45,0.450000,0.594000,0.000000,0.000000,4.500,5.66443330e-06,5.66443330e-06,4.72036108e+01,0.00000000e+00
nsfet_n,IdVd,0.45,0.450000,0.600000,0.000000,0.000000,4.500,5.66765255e-06,5.66765255e-06,4.72304379e+01,0.00000000e+00
nsfet_n,IdVd,0.525,0.525000,0.000000,0.000000,0.000000,4.500,6.89817774e-20,6.89817774e-20,5.74848145e-13,0.00000000e+00
nsfet_n,IdVd,0.525,0.525000,0.006000,0.000000,0.000000,4.500,2.81508852e-06,2.81508852e-06,2.34590710e+01,0.00000000e+00
nsfet_n,IdVd,0.525,0.525000,0.012000,0.000000,0.000000,4.500,5.00507680e-06,5.00507680e-06,4.17089733e+01,0.00000000e+00
nsfet_n,IdVd,0.525,0.525000,0.018000,0.000000,0.000000,4.500,6.66682380e-06,6.66682380e-06,5.55568650e+01,0.00000000e+00
nsfet_n,IdVd,0.525,0.525000,0.024000,0.000000,0.000000,4.500,7.90606197e-06,7.90606197e-06,6.58838497e+01,0.00000000e+00
nsfet_n,IdVd,0.525,0.525000,0.030000,0.000000,0.000000,4.500,8.81579740e-06,8.81579740e-06,7.34649783e+01,0.00000000e+00
nsfet_n,IdVd,0.525,0.525000,0.036000,0.000000,0.000000,4.500,9.47296253e-06,9.47296253e-06,7.89413544e+01,0.00000000e+00
nsfet_n,IdVd,0.525,0.525000,0.042000,0.000000,0.000000,4.500,9.93936562e-06,9.93936562e-06,8.28280469e+01,0.00000000e+00
nsfet_n,IdVd,0.525,0.525000,0.048000,0.000000,0.000000,4.500,1.02642406e-05,1.02642406e-05,8.55353383e+01,0.00000000e+00
nsfet_n,IdVd,0.525,0.525000,0.054000,0.000000,0.000000,4.500,1.04874650e-05,1.04874650e-05,8.73955416e+01,0.00000000e+00
nsfet_n,IdVd,0.525,0.525000,0.060000,0.000000,0.000000,4.500,1.06420082e-05,1.06420082e-05,8.86834019e+01,0.00000000e+00
nsfet_n,IdVd,0.525,0.525000,0.066000,0.000000,0.000000,4.500,1.07541975e-05,1.07541975e-05,8.96183128e+01,0.00000000e+00
nsfet_n,IdVd,0.525,0.525000,0.072000,0.000000,0.000000,4.500,1.08426717e-05,1.08426717e-05,9.03555976e+01,0.00000000e+00
nsfet_n,IdVd,0.525,0.525000,0.078000,0.000000,0.000000,4.500,1.09188082e-05,1.09188082e-05,9.09900681e+01,0.00000000e+00
nsfet_n,IdVd,0.525,0.525000,0.084000,0.000000,0.000000,4.500,1.09888210e-05,1.09888210e-05,9.15735083e+01,0.00000000e+00
nsfet_n,IdVd,0.525,0.525000,0.090000,0.000000,0.000000,4.500,1.10557619e-05,1.10557619e-05,9.21313492e+01,0.00000000e+00
nsfet_n,IdVd,0.525,0.525000,0.096000,0.000000,0.000000,4.500,1.11208469e-05,1.11208469e-05,9.26737243e+01,0.00000000e+00
nsfet_n,IdVd,0.525,0.525000,0.102000,0.000000,0.000000,4.500,1.11842876e-05,1.11842876e-05,9.32023969e+01,0.00000000e+00
nsfet_n,IdVd,0.525,0.525000,0.108000,0.000000,0.000000,4.500,1.12457580e-05,1.12457580e-05,9.37146498e+01,0.00000000e+00
nsfet_n,IdVd,0.525,0.525000,0.114000,0.000000,0.000000,4.500,1.13046899e-05,1.13046899e-05,9.42057495e+01,0.00000000e+00
nsfet_n,IdVd,0.525,0.525000,0.120000,0.000000,0.000000,4.500,1.13604518e-05,1.13604518e-05,9.46704319e+01,0.00000000e+00
nsfet_n,IdVd,0.525,0.525000,0.126000,0.000000,0.000000,4.500,1.14124792e-05,1.14124792e-05,9.51039936e+01,0.00000000e+00
nsfet_n,IdVd,0.525,0.525000,0.132000,0.000000,0.000000,4.500,1.14603890e-05,1.14603890e-05,9.55032415e+01,0.00000000e+00
nsfet_n,IdVd,0.525,0.525000,0.138000,0.000000,0.000000,4.500,1.15039985e-05,1.15039985e-05,9.58666541e+01,0.00000000e+00
nsfet_n,IdVd,0.525,0.525000,0.144000,0.000000,0.000000,4.500,1.15433264e-05,1.15433264e-05,9.61943863e+01,0.00000000e+00
nsfet_n,IdVd,0.525,0.525000,0.150000,0.000000,0.000000,4.500,1.15785568e-05,1.15785568e-05,9.64879730e+01,0.00000000e+00
nsfet_n,IdVd,0.525,0.525000,0.156000,0.000000,0.000000,4.500,1.16099820e-05,1.16099820e-05,9.67498500e+01,0.00000000e+00
nsfet_n,IdVd,0.525,0.525000,0.162000,0.000000,0.000000,4.500,1.16379555e-05,1.16379555e-05,9.69829627e+01,0.00000000e+00
nsfet_n,IdVd,0.525,0.525000,0.168000,0.000000,0.000000,4.500,1.16628489e-05,1.16628489e-05,9.71904079e+01,0.00000000e+00
nsfet_n,IdVd,0.525,0.525000,0.174000,0.000000,0.000000,4.500,1.16850263e-05,1.16850263e-05,9.73752189e+01,0.00000000e+00
nsfet_n,IdVd,0.525,0.525000,0.180000,0.000000,0.000000,4.500,1.17048301e-05,1.17048301e-05,9.75402511e+01,0.00000000e+00
nsfet_n,IdVd,0.525,0.525000,0.186000,0.000000,0.000000,4.500,1.17225746e-05,1.17225746e-05,9.76881218e+01,0.00000000e+00
nsfet_n,IdVd,0.525,0.525000,0.192000,0.000000,0.000000,4.500,1.17385411e-05,1.17385411e-05,9.78211761e+01,0.00000000e+00
nsfet_n,IdVd,0.525,0.525000,0.198000,0.000000,0.000000,4.500,1.17529814e-05,1.17529814e-05,9.79415121e+01,0.00000000e+00
nsfet_n,IdVd,0.525,0.525000,0.204000,0.000000,0.000000,4.500,1.17661148e-05,1.17661148e-05,9.80509566e+01,0.00000000e+00
nsfet_n,IdVd,0.525,0.525000,0.210000,0.000000,0.000000,4.500,1.17781324e-05,1.17781324e-05,9.81511034e+01,0.00000000e+00
nsfet_n,IdVd,0.525,0.525000,0.216000,0.000000,0.000000,4.500,1.17892013e-05,1.17892013e-05,9.82433445e+01,0.00000000e+00
nsfet_n,IdVd,0.525,0.525000,0.222000,0.000000,0.000000,4.500,1.17994634e-05,1.17994634e-05,9.83288620e+01,0.00000000e+00
nsfet_n,IdVd,0.525,0.525000,0.228000,0.000000,0.000000,4.500,1.18090387e-05,1.18090387e-05,9.84086562e+01,0.00000000e+00
nsfet_n,IdVd,0.525,0.525000,0.234000,0.000000,0.000000,4.500,1.18180286e-05,1.18180286e-05,9.84835720e+01,0.00000000e+00
nsfet_n,IdVd,0.525,0.525000,0.240000,0.000000,0.000000,4.500,1.18265178e-05,1.18265178e-05,9.85543147e+01,0.00000000e+00
nsfet_n,IdVd,0.525,0.525000,0.246000,0.000000,0.000000,4.500,1.18345770e-05,1.18345770e-05,9.86214746e+01,0.00000000e+00
nsfet_n,IdVd,0.525,0.525000,0.252000,0.000000,0.000000,4.500,1.18422646e-05,1.18422646e-05,9.86855380e+01,0.00000000e+00
nsfet_n,IdVd,0.525,0.525000,0.258000,0.000000,0.000000,4.500,1.18496289e-05,1.18496289e-05,9.87469073e+01,0.00000000e+00
nsfet_n,IdVd,0.525,0.525000,0.264000,0.000000,0.000000,4.500,1.18567098e-05,1.18567098e-05,9.88059147e+01,0.00000000e+00
nsfet_n,IdVd,0.525,0.525000,0.270000,0.000000,0.000000,4.500,1.18635402e-05,1.18635402e-05,9.88628348e+01,0.00000000e+00
nsfet_n,IdVd,0.525,0.525000,0.276000,0.000000,0.000000,4.500,1.18701464e-05,1.18701464e-05,9.89178869e+01,0.00000000e+00
nsfet_n,IdVd,0.525,0.525000,0.282000,0.000000,0.000000,4.500,1.18765518e-05,1.18765518e-05,9.89712653e+01,0.00000000e+00
nsfet_n,IdVd,0.525,0.525000,0.288000,0.000000,0.000000,4.500,1.18827757e-05,1.18827757e-05,9.90231309e+01,0.00000000e+00
nsfet_n,IdVd,0.525,0.525000,0.294000,0.000000,0.000000,4.500,1.18888342e-05,1.18888342e-05,9.90736179e+01,0.00000000e+00
nsfet_n,IdVd,0.525,0.525000,0.300000,0.000000,0.000000,4.500,1.18947403e-05,1.18947403e-05,9.91228361e+01,0.00000000e+00
nsfet_n,IdVd,0.525,0.525000,0.306000,0.000000,0.000000,4.500,1.19005062e-05,1.19005062e-05,9.91708850e+01,0.00000000e+00
nsfet_n,IdVd,0.525,0.525000,0.312000,0.000000,0.000000,4.500,1.19061416e-05,1.19061416e-05,9.92178471e+01,0.00000000e+00
nsfet_n,IdVd,0.525,0.525000,0.318000,0.000000,0.000000,4.500,1.19116552e-05,1.19116552e-05,9.92637937e+01,0.00000000e+00
nsfet_n,IdVd,0.525,0.525000,0.324000,0.000000,0.000000,4.500,1.19170546e-05,1.19170546e-05,9.93087881e+01,0.00000000e+00
nsfet_n,IdVd,0.525,0.525000,0.330000,0.000000,0.000000,4.500,1.19223461e-05,1.19223461e-05,9.93528838e+01,0.00000000e+00
nsfet_n,IdVd,0.525,0.525000,0.336000,0.000000,0.000000,4.500,1.19275356e-05,1.19275356e-05,9.93961300e+01,0.00000000e+00
nsfet_n,IdVd,0.525,0.525000,0.342000,0.000000,0.000000,4.500,1.19326284e-05,1.19326284e-05,9.94385703e+01,0.00000000e+00
nsfet_n,IdVd,0.525,0.525000,0.348000,0.000000,0.000000,4.500,1.19376296e-05,1.19376296e-05,9.94802468e+01,0.00000000e+00
nsfet_n,IdVd,0.525,0.525000,0.354000,0.000000,0.000000,4.500,1.19425437e-05,1.19425437e-05,9.95211971e+01,0.00000000e+00
nsfet_n,IdVd,0.525,0.525000,0.360000,0.000000,0.000000,4.500,1.19473746e-05,1.19473746e-05,9.95614549e+01,0.00000000e+00
nsfet_n,IdVd,0.525,0.525000,0.366000,0.000000,0.000000,4.500,1.19521259e-05,1.19521259e-05,9.96010493e+01,0.00000000e+00
nsfet_n,IdVd,0.525,0.525000,0.372000,0.000000,0.000000,4.500,1.19568012e-05,1.19568012e-05,9.96400103e+01,0.00000000e+00
nsfet_n,IdVd,0.525,0.525000,0.378000,0.000000,0.000000,4.500,1.19614041e-05,1.19614041e-05,9.96783677e+01,0.00000000e+00
nsfet_n,IdVd,0.525,0.525000,0.384000,0.000000,0.000000,4.500,1.19659372e-05,1.19659372e-05,9.97161431e+01,0.00000000e+00
nsfet_n,IdVd,0.525,0.525000,0.390000,0.000000,0.000000,4.500,1.19704027e-05,1.19704027e-05,9.97533555e+01,0.00000000e+00
nsfet_n,IdVd,0.525,0.525000,0.396000,0.000000,0.000000,4.500,1.19748032e-05,1.19748032e-05,9.97900270e+01,0.00000000e+00
nsfet_n,IdVd,0.525,0.525000,0.402000,0.000000,0.000000,4.500,1.19791415e-05,1.19791415e-05,9.98261790e+01,0.00000000e+00
nsfet_n,IdVd,0.525,0.525000,0.408000,0.000000,0.000000,4.500,1.19834200e-05,1.19834200e-05,9.98618334e+01,0.00000000e+00
nsfet_n,IdVd,0.525,0.525000,0.414000,0.000000,0.000000,4.500,1.19876407e-05,1.19876407e-05,9.98970055e+01,0.00000000e+00
nsfet_n,IdVd,0.525,0.525000,0.420000,0.000000,0.000000,4.500,1.19918059e-05,1.19918059e-05,9.99317155e+01,0.00000000e+00
nsfet_n,IdVd,0.525,0.525000,0.426000,0.000000,0.000000,4.500,1.19959175e-05,1.19959175e-05,9.99659795e+01,0.00000000e+00
nsfet_n,IdVd,0.525,0.525000,0.432000,0.000000,0.000000,4.500,1.19999776e-05,1.19999776e-05,9.99998131e+01,0.00000000e+00
nsfet_n,IdVd,0.525,0.525000,0.438000,0.000000,0.000000,4.500,1.20039882e-05,1.20039882e-05,1.00033235e+02,0.00000000e+00
nsfet_n,IdVd,0.525,0.525000,0.444000,0.000000,0.000000,4.500,1.20079512e-05,1.20079512e-05,1.00066260e+02,0.00000000e+00
nsfet_n,IdVd,0.525,0.525000,0.450000,0.000000,0.000000,4.500,1.20118680e-05,1.20118680e-05,1.00098900e+02,0.00000000e+00
nsfet_n,IdVd,0.525,0.525000,0.456000,0.000000,0.000000,4.500,1.20157406e-05,1.20157406e-05,1.00131171e+02,0.00000000e+00
nsfet_n,IdVd,0.525,0.525000,0.462000,0.000000,0.000000,4.500,1.20195710e-05,1.20195710e-05,1.00163091e+02,0.00000000e+00
nsfet_n,IdVd,0.525,0.525000,0.468000,0.000000,0.000000,4.500,1.20233609e-05,1.20233609e-05,1.00194674e+02,0.00000000e+00
nsfet_n,IdVd,0.525,0.525000,0.474000,0.000000,0.000000,4.500,1.20271116e-05,1.20271116e-05,1.00225930e+02,0.00000000e+00
nsfet_n,IdVd,0.525,0.525000,0.480000,0.000000,0.000000,4.500,1.20308251e-05,1.20308251e-05,1.00256876e+02,0.00000000e+00
nsfet_n,IdVd,0.525,0.525000,0.486000,0.000000,0.000000,4.500,1.20345030e-05,1.20345030e-05,1.00287525e+02,0.00000000e+00
nsfet_n,IdVd,0.525,0.525000,0.492000,0.000000,0.000000,4.500,1.20381469e-05,1.20381469e-05,1.00317891e+02,0.00000000e+00
nsfet_n,IdVd,0.525,0.525000,0.498000,0.000000,0.000000,4.500,1.20417582e-05,1.20417582e-05,1.00347985e+02,0.00000000e+00
nsfet_n,IdVd,0.525,0.525000,0.504000,0.000000,0.000000,4.500,1.20453384e-05,1.20453384e-05,1.00377820e+02,0.00000000e+00
nsfet_n,IdVd,0.525,0.525000,0.510000,0.000000,0.000000,4.500,1.20488892e-05,1.20488892e-05,1.00407410e+02,0.00000000e+00
nsfet_n,IdVd,0.525,0.525000,0.516000,0.000000,0.000000,4.500,1.20524119e-05,1.20524119e-05,1.00436766e+02,0.00000000e+00
nsfet_n,IdVd,0.525,0.525000,0.522000,0.000000,0.000000,4.500,1.20559075e-05,1.20559075e-05,1.00465896e+02,0.00000000e+00
nsfet_n,IdVd,0.525,0.525000,0.528000,0.000000,0.000000,4.500,1.20593772e-05,1.20593772e-05,1.00494810e+02,0.00000000e+00
nsfet_n,IdVd,0.525,0.525000,0.534000,0.000000,0.000000,4.500,1.20628222e-05,1.20628222e-05,1.00523519e+02,0.00000000e+00
nsfet_n,IdVd,0.525,0.525000,0.540000,0.000000,0.000000,4.500,1.20662436e-05,1.20662436e-05,1.00552030e+02,0.00000000e+00
nsfet_n,IdVd,0.525,0.525000,0.546000,0.000000,0.000000,4.500,1.20696421e-05,1.20696421e-05,1.00580351e+02,0.00000000e+00
nsfet_n,IdVd,0.525,0.525000,0.552000,0.000000,0.000000,4.500,1.20730184e-05,1.20730184e-05,1.00608487e+02,0.00000000e+00
nsfet_n,IdVd,0.525,0.525000,0.558000,0.000000,0.000000,4.500,1.20763733e-05,1.20763733e-05,1.00636444e+02,0.00000000e+00
nsfet_n,IdVd,0.525,0.525000,0.564000,0.000000,0.000000,4.500,1.20797077e-05,1.20797077e-05,1.00664231e+02,0.00000000e+00
nsfet_n,IdVd,0.525,0.525000,0.570000,0.000000,0.000000,4.500,1.20830222e-05,1.20830222e-05,1.00691852e+02,0.00000000e+00
nsfet_n,IdVd,0.525,0.525000,0.576000,0.000000,0.000000,4.500,1.20863175e-05,1.20863175e-05,1.00719312e+02,0.00000000e+00
nsfet_n,IdVd,0.525,0.525000,0.582000,0.000000,0.000000,4.500,1.20895940e-05,1.20895940e-05,1.00746617e+02,0.00000000e+00
nsfet_n,IdVd,0.525,0.525000,0.588000,0.000000,0.000000,4.500,1.20928524e-05,1.20928524e-05,1.00773770e+02,0.00000000e+00
nsfet_n,IdVd,0.525,0.525000,0.594000,0.000000,0.000000,4.500,1.20960933e-05,1.20960933e-05,1.00800778e+02,0.00000000e+00
nsfet_n,IdVd,0.525,0.525000,0.600000,0.000000,0.000000,4.500,1.20993176e-05,1.20993176e-05,1.00827647e+02,0.00000000e+00
nsfet_n,IdVd,0.6,0.600000,0.000000,0.000000,0.000000,4.500,7.58069525e-20,7.58069525e-20,6.31724604e-13,0.00000000e+00
nsfet_n,IdVd,0.6,0.600000,0.006000,0.000000,0.000000,4.500,3.79310083e-06,3.79310083e-06,3.16091736e+01,0.00000000e+00
nsfet_n,IdVd,0.6,0.600000,0.012000,0.000000,0.000000,4.500,6.92884158e-06,6.92884158e-06,5.77403465e+01,0.00000000e+00
nsfet_n,IdVd,0.6,0.600000,0.018000,0.000000,0.000000,4.500,9.46595072e-06,9.46595072e-06,7.88829226e+01,0.00000000e+00
nsfet_n,IdVd,0.6,0.600000,0.024000,0.000000,0.000000,4.500,1.14858701e-05,1.14858701e-05,9.57155845e+01,0.00000000e+00
nsfet_n,IdVd,0.6,0.600000,0.030000,0.000000,0.000000,4.500,1.30709779e-05,1.30709779e-05,1.08924816e+02,0.00000000e+00
nsfet_n,IdVd,0.6,0.600000,0.036000,0.000000,0.000000,4.500,1.42984451e-05,1.42984451e-05,1.19153710e+02,0.00000000e+00
nsfet_n,IdVd,0.6,0.600000,0.042000,0.000000,0.000000,4.500,1.52374614e-05,1.52374614e-05,1.26978845e+02,0.00000000e+00
nsfet_n,IdVd,0.6,0.600000,0.048000,0.000000,0.000000,4.500,1.59480134e-05,1.59480134e-05,1.32900111e+02,0.00000000e+00
nsfet_n,IdVd,0.6,0.600000,0.054000,0.000000,0.000000,4.500,1.64805269e-05,1.64805269e-05,1.37337724e+02,0.00000000e+00
nsfet_n,IdVd,0.6,0.600000,0.060000,0.000000,0.000000,4.500,1.68763851e-05,1.68763851e-05,1.40636543e+02,0.00000000e+00
nsfet_n,IdVd,0.6,0.600000,0.066000,0.000000,0.000000,4.500,1.71693920e-05,1.71693920e-05,1.43078266e+02,0.00000000e+00
nsfet_n,IdVd,0.6,0.600000,0.072000,0.000000,0.000000,4.500,1.73876572e-05,1.73876572e-05,1.44897143e+02,0.00000000e+00
nsfet_n,IdVd,0.6,0.600000,0.078000,0.000000,0.000000,4.500,1.75545840e-05,1.75545840e-05,1.46288200e+02,0.00000000e+00
nsfet_n,IdVd,0.6,0.600000,0.084000,0.000000,0.000000,4.500,1.76886156e-05,1.76886156e-05,1.47405130e+02,0.00000000e+00
nsfet_n,IdVd,0.6,0.600000,0.090000,0.000000,0.000000,4.500,1.78026033e-05,1.78026033e-05,1.48355027e+02,0.00000000e+00
nsfet_n,IdVd,0.6,0.600000,0.096000,0.000000,0.000000,4.500,1.79043836e-05,1.79043836e-05,1.49203197e+02,0.00000000e+00
nsfet_n,IdVd,0.6,0.600000,0.102000,0.000000,0.000000,4.500,1.79980831e-05,1.79980831e-05,1.49984026e+02,0.00000000e+00
nsfet_n,IdVd,0.6,0.600000,0.108000,0.000000,0.000000,4.500,1.80855285e-05,1.80855285e-05,1.50712738e+02,0.00000000e+00
nsfet_n,IdVd,0.6,0.600000,0.114000,0.000000,0.000000,4.500,1.81673316e-05,1.81673316e-05,1.51394430e+02,0.00000000e+00
nsfet_n,IdVd,0.6,0.600000,0.120000,0.000000,0.000000,4.500,1.82436216e-05,1.82436216e-05,1.52030180e+02,0.00000000e+00
nsfet_n,IdVd,0.6,0.600000,0.126000,0.000000,0.000000,4.500,1.83144500e-05,1.83144500e-05,1.52620417e+02,0.00000000e+00
nsfet_n,IdVd,0.6,0.600000,0.132000,0.000000,0.000000,4.500,1.83799740e-05,1.83799740e-05,1.53166450e+02,0.00000000e+00
nsfet_n,IdVd,0.6,0.600000,0.138000,0.000000,0.000000,4.500,1.84404824e-05,1.84404824e-05,1.53670687e+02,0.00000000e+00
nsfet_n,IdVd,0.6,0.600000,0.144000,0.000000,0.000000,4.500,1.84963642e-05,1.84963642e-05,1.54136369e+02,0.00000000e+00
nsfet_n,IdVd,0.6,0.600000,0.150000,0.000000,0.000000,4.500,1.85480531e-05,1.85480531e-05,1.54567109e+02,0.00000000e+00
nsfet_n,IdVd,0.6,0.600000,0.156000,0.000000,0.000000,4.500,1.85959758e-05,1.85959758e-05,1.54966465e+02,0.00000000e+00
nsfet_n,IdVd,0.6,0.600000,0.162000,0.000000,0.000000,4.500,1.86405351e-05,1.86405351e-05,1.55337792e+02,0.00000000e+00
nsfet_n,IdVd,0.6,0.600000,0.168000,0.000000,0.000000,4.500,1.86820851e-05,1.86820851e-05,1.55684043e+02,0.00000000e+00
nsfet_n,IdVd,0.6,0.600000,0.174000,0.000000,0.000000,4.500,1.87209189e-05,1.87209189e-05,1.56007658e+02,0.00000000e+00
nsfet_n,IdVd,0.6,0.600000,0.180000,0.000000,0.000000,4.500,1.87572776e-05,1.87572776e-05,1.56310646e+02,0.00000000e+00
nsfet_n,IdVd,0.6,0.600000,0.186000,0.000000,0.000000,4.500,1.87913598e-05,1.87913598e-05,1.56594665e+02,0.00000000e+00
nsfet_n,IdVd,0.6,0.600000,0.192000,0.000000,0.000000,4.500,1.88233199e-05,1.88233199e-05,1.56860999e+02,0.00000000e+00
nsfet_n,IdVd,0.6,0.600000,0.198000,0.000000,0.000000,4.500,1.88532849e-05,1.88532849e-05,1.57110707e+02,0.00000000e+00
nsfet_n,IdVd,0.6,0.600000,0.204000,0.000000,0.000000,4.500,1.88813591e-05,1.88813591e-05,1.57344659e+02,0.00000000e+00
nsfet_n,IdVd,0.6,0.600000,0.210000,0.000000,0.000000,4.500,1.89076375e-05,1.89076375e-05,1.57563646e+02,0.00000000e+00
nsfet_n,IdVd,0.6,0.600000,0.216000,0.000000,0.000000,4.500,1.89322069e-05,1.89322069e-05,1.57768391e+02,0.00000000e+00
nsfet_n,IdVd,0.6,0.600000,0.222000,0.000000,0.000000,4.500,1.89551527e-05,1.89551527e-05,1.57959606e+02,0.00000000e+00
nsfet_n,IdVd,0.6,0.600000,0.228000,0.000000,0.000000,4.500,1.89765652e-05,1.89765652e-05,1.58138043e+02,0.00000000e+00
nsfet_n,IdVd,0.6,0.600000,0.234000,0.000000,0.000000,4.500,1.89965344e-05,1.89965344e-05,1.58304454e+02,0.00000000e+00
nsfet_n,IdVd,0.6,0.600000,0.240000,0.000000,0.000000,4.500,1.90151549e-05,1.90151549e-05,1.58459625e+02,0.00000000e+00
nsfet_n,IdVd,0.6,0.600000,0.246000,0.000000,0.000000,4.500,1.90325233e-05,1.90325233e-05,1.58604361e+02,0.00000000e+00
nsfet_n,IdVd,0.6,0.600000,0.252000,0.000000,0.000000,4.500,1.90487376e-05,1.90487376e-05,1.58739480e+02,0.00000000e+00
nsfet_n,IdVd,0.6,0.600000,0.258000,0.000000,0.000000,4.500,1.90638952e-05,1.90638952e-05,1.58865793e+02,0.00000000e+00
nsfet_n,IdVd,0.6,0.600000,0.264000,0.000000,0.000000,4.500,1.90780907e-05,1.90780907e-05,1.58984090e+02,0.00000000e+00
nsfet_n,IdVd,0.6,0.600000,0.270000,0.000000,0.000000,4.500,1.90914152e-05,1.90914152e-05,1.59095127e+02,0.00000000e+00
nsfet_n,IdVd,0.6,0.600000,0.276000,0.000000,0.000000,4.500,1.91039556e-05,1.91039556e-05,1.59199630e+02,0.00000000e+00
nsfet_n,IdVd,0.6,0.600000,0.282000,0.000000,0.000000,4.500,1.91157914e-05,1.91157914e-05,1.59298262e+02,0.00000000e+00
nsfet_n,IdVd,0.6,0.600000,0.288000,0.000000,0.000000,4.500,1.91269973e-05,1.91269973e-05,1.59391644e+02,0.00000000e+00
nsfet_n,IdVd,0.6,0.600000,0.294000,0.000000,0.000000,4.500,1.91376400e-05,1.91376400e-05,1.59480333e+02,0.00000000e+00
nsfet_n,IdVd,0.6,0.600000,0.300000,0.000000,0.000000,4.500,1.91477800e-05,1.91477800e-05,1.59564834e+02,0.00000000e+00
nsfet_n,IdVd,0.6,0.600000,0.306000,0.000000,0.000000,4.500,1.91574711e-05,1.91574711e-05,1.59645592e+02,0.00000000e+00
nsfet_n,IdVd,0.6,0.600000,0.312000,0.000000,0.000000,4.500,1.91667603e-05,1.91667603e-05,1.59723002e+02,0.00000000e+00
nsfet_n,IdVd,0.6,0.600000,0.318000,0.000000,0.000000,4.500,1.91756889e-05,1.91756889e-05,1.59797407e+02,0.00000000e+00
nsfet_n,IdVd,0.6,0.600000,0.324000,0.000000,0.000000,4.500,1.91842929e-05,1.91842929e-05,1.59869107e+02,0.00000000e+00
nsfet_n,IdVd,0.6,0.600000,0.330000,0.000000,0.000000,4.500,1.91926037e-05,1.91926037e-05,1.59938364e+02,0.00000000e+00
nsfet_n,IdVd,0.6,0.600000,0.336000,0.000000,0.000000,4.500,1.92006482e-05,1.92006482e-05,1.60005402e+02,0.00000000e+00
nsfet_n,IdVd,0.6,0.600000,0.342000,0.000000,0.000000,4.500,1.92084501e-05,1.92084501e-05,1.60070417e+02,0.00000000e+00
nsfet_n,IdVd,0.6,0.600000,0.348000,0.000000,0.000000,4.500,1.92160296e-05,1.92160296e-05,1.60133580e+02,0.00000000e+00
nsfet_n,IdVd,0.6,0.600000,0.354000,0.000000,0.000000,4.500,1.92234044e-05,1.92234044e-05,1.60195037e+02,0.00000000e+00
nsfet_n,IdVd,0.6,0.600000,0.360000,0.000000,0.000000,4.500,1.92305899e-05,1.92305899e-05,1.60254916e+02,0.00000000e+00
nsfet_n,IdVd,0.6,0.600000,0.366000,0.000000,0.000000,4.500,1.92375994e-05,1.92375994e-05,1.60313329e+02,0.00000000e+00
nsfet_n,IdVd,0.6,0.600000,0.372000,0.000000,0.000000,4.500,1.92444445e-05,1.92444445e-05,1.60370371e+02,0.00000000e+00
nsfet_n,IdVd,0.6,0.600000,0.378000,0.000000,0.000000,4.500,1.92511355e-05,1.92511355e-05,1.60426129e+02,0.00000000e+00
nsfet_n,IdVd,0.6,0.600000,0.384000,0.000000,0.000000,4.500,1.92576814e-05,1.92576814e-05,1.60480678e+02,0.00000000e+00
nsfet_n,IdVd,0.6,0.600000,0.390000,0.000000,0.000000,4.500,1.92640903e-05,1.92640903e-05,1.60534086e+02,0.00000000e+00
nsfet_n,IdVd,0.6,0.600000,0.396000,0.000000,0.000000,4.500,1.92703697e-05,1.92703697e-05,1.60586414e+02,0.00000000e+00
nsfet_n,IdVd,0.6,0.600000,0.402000,0.000000,0.000000,4.500,1.92765255e-05,1.92765255e-05,1.60637712e+02,0.00000000e+00
nsfet_n,IdVd,0.6,0.600000,0.408000,0.000000,0.000000,4.500,1.92825636e-05,1.92825636e-05,1.60688030e+02,0.00000000e+00
nsfet_n,IdVd,0.6,0.600000,0.414000,0.000000,0.000000,4.500,1.92884902e-05,1.92884902e-05,1.60737418e+02,0.00000000e+00
nsfet_n,IdVd,0.6,0.600000,0.420000,0.000000,0.000000,4.500,1.92943108e-05,1.92943108e-05,1.60785924e+02,0.00000000e+00
nsfet_n,IdVd,0.6,0.600000,0.426000,0.000000,0.000000,4.500,1.93000304e-05,1.93000304e-05,1.60833587e+02,0.00000000e+00
nsfet_n,IdVd,0.6,0.600000,0.432000,0.000000,0.000000,4.500,1.93056534e-05,1.93056534e-05,1.60880445e+02,0.00000000e+00
nsfet_n,IdVd,0.6,0.600000,0.438000,0.000000,0.000000,4.500,1.93111844e-05,1.93111844e-05,1.60926537e+02,0.00000000e+00
nsfet_n,IdVd,0.6,0.600000,0.444000,0.000000,0.000000,4.500,1.93166276e-05,1.93166276e-05,1.60971897e+02,0.00000000e+00
nsfet_n,IdVd,0.6,0.600000,0.450000,0.000000,0.000000,4.500,1.93219869e-05,1.93219869e-05,1.61016557e+02,0.00000000e+00
nsfet_n,IdVd,0.6,0.600000,0.456000,0.000000,0.000000,4.500,1.93272663e-05,1.93272663e-05,1.61060552e+02,0.00000000e+00
nsfet_n,IdVd,0.6,0.600000,0.462000,0.000000,0.000000,4.500,1.93324694e-05,1.93324694e-05,1.61103912e+02,0.00000000e+00
nsfet_n,IdVd,0.6,0.600000,0.468000,0.000000,0.000000,4.500,1.93375998e-05,1.93375998e-05,1.61146665e+02,0.00000000e+00
nsfet_n,IdVd,0.6,0.600000,0.474000,0.000000,0.000000,4.500,1.93426607e-05,1.93426607e-05,1.61188839e+02,0.00000000e+00
nsfet_n,IdVd,0.6,0.600000,0.480000,0.000000,0.000000,4.500,1.93476550e-05,1.93476550e-05,1.61230458e+02,0.00000000e+00
nsfet_n,IdVd,0.6,0.600000,0.486000,0.000000,0.000000,4.500,1.93525857e-05,1.93525857e-05,1.61271548e+02,0.00000000e+00
nsfet_n,IdVd,0.6,0.600000,0.492000,0.000000,0.000000,4.500,1.93574556e-05,1.93574556e-05,1.61312130e+02,0.00000000e+00
nsfet_n,IdVd,0.6,0.600000,0.498000,0.000000,0.000000,4.500,1.93622675e-05,1.93622675e-05,1.61352229e+02,0.00000000e+00
nsfet_n,IdVd,0.6,0.600000,0.504000,0.000000,0.000000,4.500,1.93670238e-05,1.93670238e-05,1.61391865e+02,0.00000000e+00
nsfet_n,IdVd,0.6,0.600000,0.510000,0.000000,0.000000,4.500,1.93717268e-05,1.93717268e-05,1.61431057e+02,0.00000000e+00
nsfet_n,IdVd,0.6,0.600000,0.516000,0.000000,0.000000,4.500,1.93763787e-05,1.93763787e-05,1.61469822e+02,0.00000000e+00
nsfet_n,IdVd,0.6,0.600000,0.522000,0.000000,0.000000,4.500,1.93809816e-05,1.93809816e-05,1.61508180e+02,0.00000000e+00
nsfet_n,IdVd,0.6,0.600000,0.528000,0.000000,0.000000,4.500,1.93855377e-05,1.93855377e-05,1.61546147e+02,0.00000000e+00
nsfet_n,IdVd,0.6,0.600000,0.534000,0.000000,0.000000,4.500,1.93900483e-05,1.93900483e-05,1.61583736e+02,0.00000000e+00
nsfet_n,IdVd,0.6,0.600000,0.540000,0.000000,0.000000,4.500,1.93945155e-05,1.93945155e-05,1.61620962e+02,0.00000000e+00
nsfet_n,IdVd,0.6,0.600000,0.546000,0.000000,0.000000,4.500,1.93989410e-05,1.93989410e-05,1.61657841e+02,0.00000000e+00
nsfet_n,IdVd,0.6,0.600000,0.552000,0.000000,0.000000,4.500,1.94033264e-05,1.94033264e-05,1.61694386e+02,0.00000000e+00
nsfet_n,IdVd,0.6,0.600000,0.558000,0.000000,0.000000,4.500,1.94076731e-05,1.94076731e-05,1.61730609e+02,0.00000000e+00
nsfet_n,IdVd,0.6,0.600000,0.564000,0.000000,0.000000,4.500,1.94119825e-05,1.94119825e-05,1.61766521e+02,0.00000000e+00
nsfet_n,IdVd,0.6,0.600000,0.570000,0.000000,0.000000,4.500,1.94162557e-05,1.94162557e-05,1.61802131e+02,0.00000000e+00
nsfet_n,IdVd,0.6,0.600000,0.576000,0.000000,0.000000,4.500,1.94204941e-05,1.94204941e-05,1.61837451e+02,0.00000000e+00
nsfet_n,IdVd,0.6,0.600000,0.582000,0.000000,0.000000,4.500,1.94246987e-05,1.94246987e-05,1.61872489e+02,0.00000000e+00
nsfet_n,IdVd,0.6,0.600000,0.588000,0.000000,0.000000,4.500,1.94288706e-05,1.94288706e-05,1.61907255e+02,0.00000000e+00
nsfet_n,IdVd,0.6,0.600000,0.594000,0.000000,0.000000,4.500,1.94330112e-05,1.94330112e-05,1.61941760e+02,0.00000000e+00
nsfet_n,IdVd,0.6,0.600000,0.600000,0.000000,0.000000,4.500,1.94371212e-05,1.94371212e-05,1.61976010e+02,0.00000000e+00
nsfet_p,IdVg,-0.05,0.000000,-0.050000,0.000000,0.000000,4.791,-5.29346955e-12,5.29346955e-12,4.41122462e-05,0.00000000e+00
nsfet_p,IdVg,-0.05,-0.005000,-0.050000,0.000000,0.000000,4.791,-6.29936164e-12,6.29936164e-12,5.24946804e-05,0.00000000e+00
nsfet_p,IdVg,-0.05,-0.010000,-0.050000,0.000000,0.000000,4.791,-7.49495133e-12,7.49495133e-12,6.24579278e-05,0.00000000e+00
nsfet_p,IdVg,-0.05,-0.015000,-0.050000,0.000000,0.000000,4.791,-8.91511963e-12,8.91511963e-12,7.42926636e-05,0.00000000e+00
nsfet_p,IdVg,-0.05,-0.020000,-0.050000,0.000000,0.000000,4.791,-1.06017599e-11,1.06017599e-11,8.83479994e-05,0.00000000e+00
nsfet_p,IdVg,-0.05,-0.025000,-0.050000,0.000000,0.000000,4.791,-1.26043607e-11,1.26043607e-11,1.05036339e-04,0.00000000e+00
nsfet_p,IdVg,-0.05,-0.030000,-0.050000,0.000000,0.000000,4.791,-1.49828158e-11,1.49828158e-11,1.24856799e-04,0.00000000e+00
nsfet_p,IdVg,-0.05,-0.035000,-0.050000,0.000000,0.000000,4.791,-1.78083385e-11,1.78083385e-11,1.48402821e-04,0.00000000e+00
nsfet_p,IdVg,-0.05,-0.040000,-0.050000,0.000000,0.000000,4.791,-2.11641418e-11,2.11641418e-11,1.76367848e-04,0.00000000e+00
nsfet_p,IdVg,-0.05,-0.045000,-0.050000,0.000000,0.000000,4.791,-2.51504067e-11,2.51504067e-11,2.09586723e-04,0.00000000e+00
nsfet_p,IdVg,-0.05,-0.050000,-0.050000,0.000000,0.000000,4.791,-2.98870092e-11,2.98870092e-11,2.49058410e-04,0.00000000e+00
nsfet_p,IdVg,-0.05,-0.055000,-0.050000,0.000000,0.000000,4.791,-3.55156881e-11,3.55156881e-11,2.95964068e-04,0.00000000e+00
nsfet_p,IdVg,-0.05,-0.060000,-0.050000,0.000000,0.000000,4.791,-4.22039515e-11,4.22039515e-11,3.51699596e-04,0.00000000e+00
nsfet_p,IdVg,-0.05,-0.065000,-0.050000,0.000000,0.000000,4.791,-5.01515967e-11,5.01515967e-11,4.17929972e-04,0.00000000e+00
nsfet_p,IdVg,-0.05,-0.070000,-0.050000,0.000000,0.000000,4.791,-5.95973970e-11,5.95973970e-11,4.96644975e-04,0.00000000e+00
nsfet_p,IdVg,-0.05,-0.075000,-0.050000,0.000000,0.000000,4.791,-7.08238239e-11,7.08238239e-11,5.90198532e-04,0.00000000e+00
nsfet_p,IdVg,-0.05,-0.080000,-0.050000,0.000000,0.000000,4.791,-8.41672491e-11,8.41672491e-11,7.01393742e-04,0.00000000e+00
nsfet_p,IdVg,-0.05,-0.085000,-0.050000,0.000000,0.000000,4.791,-1.00025309e-10,1.00025309e-10,8.33544241e-04,0.00000000e+00
nsfet_p,IdVg,-0.05,-0.090000,-0.050000,0.000000,0.000000,4.791,-1.18870805e-10,1.18870805e-10,9.90590046e-04,0.00000000e+00
nsfet_p,IdVg,-0.05,-0.095000,-0.050000,0.000000,0.000000,4.791,-1.41269069e-10,1.41269069e-10,1.17724225e-03,0.00000000e+00
nsfet_p,IdVg,-0.05,-0.100000,-0.050000,0.000000,0.000000,4.791,-1.67890993e-10,1.67890993e-10,1.39909161e-03,0.00000000e+00
nsfet_p,IdVg,-0.05,-0.105000,-0.050000,0.000000,0.000000,4.791,-1.99533905e-10,1.99533905e-10,1.66278254e-03,0.00000000e+00
nsfet_p,IdVg,-0.05,-0.110000,-0.050000,0.000000,0.000000,4.791,-2.37143644e-10,2.37143644e-10,1.97619703e-03,0.00000000e+00
nsfet_p,IdVg,-0.05,-0.115000,-0.050000,0.000000,0.000000,4.791,-2.81848751e-10,2.81848751e-10,2.34873959e-03,0.00000000e+00
nsfet_p,IdVg,-0.05,-0.120000,-0.050000,0.000000,0.000000,4.791,-3.34991517e-10,3.34991517e-10,2.79159598e-03,0.00000000e+00
nsfet_p,IdVg,-0.05,-0.125000,-0.050000,0.000000,0.000000,4.791,-3.98171108e-10,3.98171108e-10,3.31809257e-03,0.00000000e+00
nsfet_p,IdVg,-0.05,-0.130000,-0.050000,0.000000,0.000000,4.791,-4.73282152e-10,4.73282152e-10,3.94401793e-03,0.00000000e+00
nsfet_p,IdVg,-0.05,-0.135000,-0.050000,0.000000,0.000000,4.791,-5.62583357e-10,5.62583357e-10,4.68819464e-03,0.00000000e+00
nsfet_p,IdVg,-0.05,-0.140000,-0.050000,0.000000,0.000000,4.791,-6.68763060e-10,6.68763060e-10,5.57302550e-03,0.00000000e+00
nsfet_p,IdVg,-0.05,-0.145000,-0.050000,0.000000,0.000000,4.791,-7.95016632e-10,7.95016632e-10,6.62513860e-03,0.00000000e+00
nsfet_p,IdVg,-0.05,-0.150000,-0.050000,0.000000,0.000000,4.791,-9.45141481e-10,9.45141481e-10,7.87617901e-03,0.00000000e+00
nsfet_p,IdVg,-0.05,-0.155000,-0.050000,0.000000,0.000000,4.791,-1.12367301e-09,1.12367301e-09,9.36394174e-03,0.00000000e+00
nsfet_p,IdVg,-0.05,-0.160000,-0.050000,0.000000,0.000000,4.791,-1.33600171e-09,1.33600171e-09,1.11333476e-02,0.00000000e+00
nsfet_p,IdVg,-0.05,-0.165000,-0.050000,0.000000,0.000000,4.791,-1.58854872e-09,1.58854872e-09,1.32379060e-02,0.00000000e+00
nsfet_p,IdVg,-0.05,-0.170000,-0.050000,0.000000,0.000000,4.791,-1.88894649e-09,1.88894649e-09,1.57412207e-02,0.00000000e+00
nsfet_p,IdVg,-0.05,-0.175000,-0.050000,0.000000,0.000000,4.791,-2.24626389e-09,2.24626389e-09,1.87188657e-02,0.00000000e+00
nsfet_p,IdVg,-0.05,-0.180000,-0.050000,0.000000,0.000000,4.791,-2.67131873e-09,2.67131873e-09,2.22609894e-02,0.00000000e+00
nsfet_p,IdVg,-0.05,-0.185000,-0.050000,0.000000,0.000000,4.791,-3.17697507e-09,3.17697507e-09,2.64747922e-02,0.00000000e+00
nsfet_p,IdVg,-0.05,-0.190000,-0.050000,0.000000,0.000000,4.791,-3.77854320e-09,3.77854320e-09,3.14878600e-02,0.00000000e+00
nsfet_p,IdVg,-0.05,-0.195000,-0.050000,0.000000,0.000000,4.791,-4.49419504e-09,4.49419504e-09,3.74516253e-02,0.00000000e+00
nsfet_p,IdVg,-0.05,-0.200000,-0.050000,0.000000,0.000000,4.791,-5.34551220e-09,5.34551220e-09,4.45459350e-02,0.00000000e+00
nsfet_p,IdVg,-0.05,-0.205000,-0.050000,0.000000,0.000000,4.791,-6.35815932e-09,6.35815932e-09,5.29846610e-02,0.00000000e+00
nsfet_p,IdVg,-0.05,-0.210000,-0.050000,0.000000,0.000000,4.791,-7.56257120e-09,7.56257120e-09,6.30214266e-02,0.00000000e+00
nsfet_p,IdVg,-0.05,-0.215000,-0.050000,0.000000,0.000000,4.791,-8.99477324e-09,8.99477324e-09,7.49564437e-02,0.00000000e+00
nsfet_p,IdVg,-0.05,-0.220000,-0.050000,0.000000,0.000000,4.791,-1.06973481e-08,1.06973481e-08,8.91445672e-02,0.00000000e+00
nsfet_p,IdVg,-0.05,-0.225000,-0.050000,0.000000,0.000000,4.791,-1.27208169e-08,1.27208169e-08,1.06006808e-01,0.00000000e+00
nsfet_p,IdVg,-0.05,-0.230000,-0.050000,0.000000,0.000000,4.791,-1.51246909e-08,1.51246909e-08,1.26039091e-01,0.00000000e+00
nsfet_p,IdVg,-0.05,-0.235000,-0.050000,0.000000,0.000000,4.791,-1.79793765e-08,1.79793765e-08,1.49828138e-01,0.00000000e+00
nsfet_p,IdVg,-0.05,-0.240000,-0.050000,0.000000,0.000000,4.791,-2.13678079e-08,2.13678079e-08,1.78065065e-01,0.00000000e+00
nsfet_p,IdVg,-0.05,-0.245000,-0.050000,0.000000,0.000000,4.791,-2.53875930e-08,2.53875930e-08,2.11563275e-01,0.00000000e+00
nsfet_p,IdVg,-0.05,-0.250000,-0.050000,0.000000,0.000000,4.791,-3.01534732e-08,3.01534732e-08,2.51278943e-01,0.00000000e+00
nsfet_p,IdVg,-0.05,-0.255000,-0.050000,0.000000,0.000000,4.791,-3.58005987e-08,3.58005987e-08,2.98338322e-01,0.00000000e+00
nsfet_p,IdVg,-0.05,-0.260000,-0.050000,0.000000,0.000000,4.791,-4.24873119e-08,4.24873119e-08,3.54060933e-01,0.00000000e+00
nsfet_p,IdVg,-0.05,-0.265000,-0.050000,0.000000,0.000000,4.791,-5.03985505e-08,5.03985505e-08,4.19987921e-01,0.00000000e+00
nsfet_p,IdVg,-0.05,-0.270000,-0.050000,0.000000,0.000000,4.791,-5.97496544e-08,5.97496544e-08,4.97913787e-01,0.00000000e+00
nsfet_p,IdVg,-0.05,-0.275000,-0.050000,0.000000,0.000000,4.791,-7.07938301e-08,7.07938301e-08,5.89948584e-01,0.00000000e+00
nsfet_p,IdVg,-0.05,-0.280000,-0.050000,0.000000,0.000000,4.791,-8.38247558e-08,8.38247558e-08,6.98539632e-01,0.00000000e+00
nsfet_p,IdVg,-0.05,-0.285000,-0.050000,0.000000,0.000000,4.791,-9.91853370e-08,9.91853370e-08,8.26544475e-01,0.00000000e+00
nsfet_p,IdVg,-0.05,-0.290000,-0.050000,0.000000,0.000000,4.791,-1.17259593e-07,1.17259593e-07,9.77163273e-01,0.00000000e+00
nsfet_p,IdVg,-0.05,-0.295000,-0.050000,0.000000,0.000000,4.791,-1.38469925e-07,1.38469925e-07,1.15391604e+00,0.00000000e+00
nsfet_p,IdVg,-0.05,-0.300000,-0.050000,0.000000,0.000000,4.791,-1.63355999e-07,1.63355999e-07,1.36129999e+00,0.00000000e+00
nsfet_p,IdVg,-0.05,-0.305000,-0.050000,0.000000,0.000000,4.791,-1.92154134e-07,1.92154134e-07,1.60128445e+00,0.00000000e+00
nsfet_p,IdVg,-0.05,-0.310000,-0.050000,0.000000,0.000000,4.791,-2.24374719e-07,2.24374719e-07,1.86978932e+00,0.00000000e+00
nsfet_p,IdVg,-0.05,-0.315000,-0.050000,0.000000,0.000000,4.791,-2.60151582e-07,2.60151582e-07,2.16792985e+00,0.00000000e+00
nsfet_p,IdVg,-0.05,-0.320000,-0.050000,0.000000,0.000000,4.791,-3.00124616e-07,3.00124616e-07,2.50103847e+00,0.00000000e+00
nsfet_p,IdVg,-0.05,-0.325000,-0.050000,0.000000,0.000000,4.791,-3.44815630e-07,3.44815630e-07,2.87346359e+00,0.00000000e+00
nsfet_p,IdVg,-0.05,-0.330000,-0.050000,0.000000,0.000000,4.791,-3.94698568e-07,3.94698568e-07,3.28915474e+00,0.00000000e+00
nsfet_p,IdVg,-0.05,-0.335000,-0.050000,0.000000,0.000000,4.791,-4.50116368e-07,4.50116368e-07,3.75096974e+00,0.00000000e+00
nsfet_p,IdVg,-0.05,-0.340000,-0.050000,0.000000,0.000000,4.791,-5.11189002e-07,5.11189002e-07,4.25990835e+00,0.00000000e+00
nsfet_p,IdVg,-0.05,-0.345000,-0.050000,0.000000,0.000000,4.791,-5.78148464e-07,5.78148464e-07,4.81790387e+00,0.00000000e+00
nsfet_p,IdVg,-0.05,-0.350000,-0.050000,0.000000,0.000000,4.791,-6.51206788e-07,6.51206788e-07,5.42672323e+00,0.00000000e+00
nsfet_p,IdVg,-0.05,-0.355000,-0.050000,0.000000,0.000000,4.791,-7.30515768e-07,7.30515768e-07,6.08763140e+00,0.00000000e+00
nsfet_p,IdVg,-0.05,-0.360000,-0.050000,0.000000,0.000000,4.791,-8.16177078e-07,8.16177078e-07,6.80147565e+00,0.00000000e+00
nsfet_p,IdVg,-0.05,-0.365000,-0.050000,0.000000,0.000000,4.791,-9.08248798e-07,9.08248798e-07,7.56873998e+00,0.00000000e+00
nsfet_p,IdVg,-0.05,-0.370000,-0.050000,0.000000,0.000000,4.791,-1.00673535e-06,1.00673535e-06,8.38946124e+00,0.00000000e+00
nsfet_p,IdVg,-0.05,-0.375000,-0.050000,0.000000,0.000000,4.791,-1.11154738e-06,1.11154738e-06,9.26289479e+00,0.00000000e+00
nsfet_p,IdVg,-0.05,-0.380000,-0.050000,0.000000,0.000000,4.791,-1.22251768e-06,1.22251768e-06,1.01876473e+01,0.00000000e+00
nsfet_p,IdVg,-0.05,-0.385000,-0.050000,0.000000,0.000000,4.791,-1.33945122e-06,1.33945122e-06,1.11620935e+01,0.00000000e+00
nsfet_p,IdVg,-0.05,-0.390000,-0.050000,0.000000,0.000000,4.791,-1.46209133e-06,1.46209133e-06,1.21840944e+01,0.00000000e+00
nsfet_p,IdVg,-0.05,-0.395000,-0.050000,0.000000,0.000000,4.791,-1.59013699e-06,1.59013699e-06,1.32511416e+01,0.00000000e+00
nsfet_p,IdVg,-0.05,-0.400000,-0.050000,0.000000,0.000000,4.791,-1.72326052e-06,1.72326052e-06,1.43605043e+01,0.00000000e+00
nsfet_p,IdVg,-0.05,-0.405000,-0.050000,0.000000,0.000000,4.791,-1.86110868e-06,1.86110868e-06,1.55092390e+01,0.00000000e+00
nsfet_p,IdVg,-0.05,-0.410000,-0.050000,0.000000,0.000000,4.791,-2.00332370e-06,2.00332370e-06,1.66943642e+01,0.00000000e+00
nsfet_p,IdVg,-0.05,-0.415000,-0.050000,0.000000,0.000000,4.791,-2.14953222e-06,2.14953222e-06,1.79127685e+01,0.00000000e+00
nsfet_p,IdVg,-0.05,-0.420000,-0.050000,0.000000,0.000000,4.791,-2.29937071e-06,2.29937071e-06,1.91614226e+01,0.00000000e+00
nsfet_p,IdVg,-0.05,-0.425000,-0.050000,0.000000,0.000000,4.791,-2.45250081e-06,2.45250081e-06,2.04375068e+01,0.00000000e+00
nsfet_p,IdVg,-0.05,-0.430000,-0.050000,0.000000,0.000000,4.791,-2.60858322e-06,2.60858322e-06,2.17381935e+01,0.00000000e+00
nsfet_p,IdVg,-0.05,-0.435000,-0.050000,0.000000,0.000000,4.791,-2.76728439e-06,2.76728439e-06,2.30607032e+01,0.00000000e+00
nsfet_p,IdVg,-0.05,-0.440000,-0.050000,0.000000,0.000000,4.791,-2.92829941e-06,2.92829941e-06,2.44024951e+01,0.00000000e+00
nsfet_p,IdVg,-0.05,-0.445000,-0.050000,0.000000,0.000000,4.791,-3.09134527e-06,3.09134527e-06,2.57612106e+01,0.00000000e+00
nsfet_p,IdVg,-0.05,-0.450000,-0.050000,0.000000,0.000000,4.791,-3.25615213e-06,3.25615213e-06,2.71346011e+01,0.00000000e+00
nsfet_p,IdVg,-0.05,-0.455000,-0.050000,0.000000,0.000000,4.791,-3.42247628e-06,3.42247628e-06,2.85206356e+01,0.00000000e+00
nsfet_p,IdVg,-0.05,-0.460000,-0.050000,0.000000,0.000000,4.791,-3.59008659e-06,3.59008659e-06,2.99173882e+01,0.00000000e+00
nsfet_p,IdVg,-0.05,-0.465000,-0.050000,0.000000,0.000000,4.791,-3.75876826e-06,3.75876826e-06,3.13230688e+01,0.00000000e+00
nsfet_p,IdVg,-0.05,-0.470000,-0.050000,0.000000,0.000000,4.791,-3.92830848e-06,3.92830848e-06,3.27359040e+01,0.00000000e+00
nsfet_p,IdVg,-0.05,-0.475000,-0.050000,0.000000,0.000000,4.791,-4.09852011e-06,4.09852011e-06,3.41543343e+01,0.00000000e+00
nsfet_p,IdVg,-0.05,-0.480000,-0.050000,0.000000,0.000000,4.791,-4.26924859e-06,4.26924859e-06,3.55770716e+01,0.00000000e+00
nsfet_p,IdVg,-0.05,-0.485000,-0.050000,0.000000,0.000000,4.791,-4.44033394e-06,4.44033394e-06,3.70027828e+01,0.00000000e+00
nsfet_p,IdVg,-0.05,-0.490000,-0.050000,0.000000,0.000000,4.791,-4.61163828e-06,4.61163828e-06,3.84303190e+01,0.00000000e+00
nsfet_p,IdVg,-0.05,-0.495000,-0.050000,0.000000,0.000000,4.791,-4.78305085e-06,4.78305085e-06,3.98587571e+01,0.00000000e+00
nsfet_p,IdVg,-0.05,-0.500000,-0.050000,0.000000,0.000000,4.791,-4.95442359e-06,4.95442359e-06,4.12868633e+01,0.00000000e+00
nsfet_p,IdVg,-0.05,-0.505000,-0.050000,0.000000,0.000000,4.791,-5.12558239e-06,5.12558239e-06,4.27131866e+01,0.00000000e+00
nsfet_p,IdVg,-0.05,-0.510000,-0.050000,0.000000,0.000000,4.791,-5.29648691e-06,5.29648691e-06,4.41373909e+01,0.00000000e+00
nsfet_p,IdVg,-0.05,-0.515000,-0.050000,0.000000,0.000000,4.791,-5.46703525e-06,5.46703525e-06,4.55586271e+01,0.00000000e+00
nsfet_p,IdVg,-0.05,-0.520000,-0.050000,0.000000,0.000000,4.791,-5.63713769e-06,5.63713769e-06,4.69761475e+01,0.00000000e+00
nsfet_p,IdVg,-0.05,-0.525000,-0.050000,0.000000,0.000000,4.791,-5.80671018e-06,5.80671018e-06,4.83892515e+01,0.00000000e+00
nsfet_p,IdVg,-0.05,-0.530000,-0.050000,0.000000,0.000000,4.791,-5.97574097e-06,5.97574097e-06,4.97978414e+01,0.00000000e+00
nsfet_p,IdVg,-0.05,-0.535000,-0.050000,0.000000,0.000000,4.791,-6.14417795e-06,6.14417795e-06,5.12014829e+01,0.00000000e+00
nsfet_p,IdVg,-0.05,-0.540000,-0.050000,0.000000,0.000000,4.791,-6.31190999e-06,6.31190999e-06,5.25992499e+01,0.00000000e+00
nsfet_p,IdVg,-0.05,-0.545000,-0.050000,0.000000,0.000000,4.791,-6.47892660e-06,6.47892660e-06,5.39910550e+01,0.00000000e+00
nsfet_p,IdVg,-0.05,-0.550000,-0.050000,0.000000,0.000000,4.791,-6.64520532e-06,6.64520532e-06,5.53767110e+01,0.00000000e+00
nsfet_p,IdVg,-0.05,-0.555000,-0.050000,0.000000,0.000000,4.791,-6.81072191e-06,6.81072191e-06,5.67560159e+01,0.00000000e+00
nsfet_p,IdVg,-0.05,-0.560000,-0.050000,0.000000,0.000000,4.791,-6.97542203e-06,6.97542203e-06,5.81285169e+01,0.00000000e+00
nsfet_p,IdVg,-0.05,-0.565000,-0.050000,0.000000,0.000000,4.791,-7.13908124e-06,7.13908124e-06,5.94923437e+01,0.00000000e+00
nsfet_p,IdVg,-0.05,-0.570000,-0.050000,0.000000,0.000000,4.791,-7.30169921e-06,7.30169921e-06,6.08474934e+01,0.00000000e+00
nsfet_p,IdVg,-0.05,-0.575000,-0.050000,0.000000,0.000000,4.791,-7.46335922e-06,7.46335922e-06,6.21946602e+01,0.00000000e+00
nsfet_p,IdVg,-0.05,-0.580000,-0.050000,0.000000,0.000000,4.791,-7.62406865e-06,7.62406865e-06,6.35339054e+01,0.00000000e+00
nsfet_p,IdVg,-0.05,-0.585000,-0.050000,0.000000,0.000000,4.791,-7.78377712e-06,7.78377712e-06,6.48648093e+01,0.00000000e+00
nsfet_p,IdVg,-0.05,-0.590000,-0.050000,0.000000,0.000000,4.791,-7.94248600e-06,7.94248600e-06,6.61873833e+01,0.00000000e+00
nsfet_p,IdVg,-0.05,-0.595000,-0.050000,0.000000,0.000000,4.791,-8.10021082e-06,8.10021082e-06,6.75017568e+01,0.00000000e+00
nsfet_p,IdVg,-0.05,-0.600000,-0.050000,0.000000,0.000000,4.791,-8.25686677e-06,8.25686677e-06,6.88072231e+01,0.00000000e+00
nsfet_p,IdVg,-0.6,-0.600000,-0.600000,0.000000,0.000000,4.791,-1.40294658e-05,1.40294658e-05,1.16912215e+02,0.00000000e+00
nsfet_p,IdVg,-0.6,-0.595000,-0.600000,0.000000,0.000000,4.791,-1.36813633e-05,1.36813633e-05,1.14011361e+02,0.00000000e+00
nsfet_p,IdVg,-0.6,-0.590000,-0.600000,0.000000,0.000000,4.791,-1.33341048e-05,1.33341048e-05,1.11117540e+02,0.00000000e+00
nsfet_p,IdVg,-0.6,-0.585000,-0.600000,0.000000,0.000000,4.791,-1.29878250e-05,1.29878250e-05,1.08231875e+02,0.00000000e+00
nsfet_p,IdVg,-0.6,-0.580000,-0.600000,0.000000,0.000000,4.791,-1.26426521e-05,1.26426521e-05,1.05355434e+02,0.00000000e+00
nsfet_p,IdVg,-0.6,-0.575000,-0.600000,0.000000,0.000000,4.791,-1.22987027e-05,1.22987027e-05,1.02489189e+02,0.00000000e+00
nsfet_p,IdVg,-0.6,-0.570000,-0.600000,0.000000,0.000000,4.791,-1.19560838e-05,1.19560838e-05,9.96340317e+01,0.00000000e+00
nsfet_p,IdVg,-0.6,-0.565000,-0.600000,0.000000,0.000000,4.791,-1.16149323e-05,1.16149323e-05,9.67911026e+01,0.00000000e+00
nsfet_p,IdVg,-0.6,-0.560000,-0.600000,0.000000,0.000000,4.791,-1.12753800e-05,1.12753800e-05,9.39614999e+01,0.00000000e+00
nsfet_p,IdVg,-0.6,-0.555000,-0.600000,0.000000,0.000000,4.791,-1.09375786e-05,1.09375786e-05,9.11464885e+01,0.00000000e+00
nsfet_p,IdVg,-0.6,-0.550000,-0.600000,0.000000,0.000000,4.791,-1.06016703e-05,1.06016703e-05,8.83472525e+01,0.00000000e+00
nsfet_p,IdVg,-0.6,-0.545000,-0.600000,0.000000,0.000000,4.791,-1.02677874e-05,1.02677874e-05,8.55648949e+01,0.00000000e+00
nsfet_p,IdVg,-0.6,-0.540000,-0.600000,0.000000,0.000000,4.791,-9.93608294e-06,9.93608294e-06,8.28006912e+01,0.00000000e+00
nsfet_p,IdVg,-0.6,-0.535000,-0.600000,0.000000,0.000000,4.791,-9.60673426e-06,9.60673426e-06,8.00561188e+01,0.00000000e+00
nsfet_p,IdVg,-0.6,-0.530000,-0.600000,0.000000,0.000000,4.791,-9.27990799e-06,9.27990799e-06,7.73325666e+01,0.00000000e+00
nsfet_p,IdVg,-0.6,-0.525000,-0.600000,0.000000,0.000000,4.791,-8.95577082e-06,8.95577082e-06,7.46314235e+01,0.00000000e+00
nsfet_p,IdVg,-0.6,-0.520000,-0.600000,0.000000,0.000000,4.791,-8.63449443e-06,8.63449443e-06,7.19541202e+01,0.00000000e+00
nsfet_p,IdVg,-0.6,-0.515000,-0.600000,0.000000,0.000000,4.791,-8.31625683e-06,8.31625683e-06,6.93021402e+01,0.00000000e+00
nsfet_p,IdVg,-0.6,-0.510000,-0.600000,0.000000,0.000000,4.791,-8.00124912e-06,8.00124912e-06,6.66770760e+01,0.00000000e+00
nsfet_p,IdVg,-0.6,-0.505000,-0.600000,0.000000,0.000000,4.791,-7.68965012e-06,7.68965012e-06,6.40804176e+01,0.00000000e+00
nsfet_p,IdVg,-0.6,-0.500000,-0.600000,0.000000,0.000000,4.791,-7.38165924e-06,7.38165924e-06,6.15138270e+01,0.00000000e+00
nsfet_p,IdVg,-0.6,-0.495000,-0.600000,0.000000,0.000000,4.791,-7.07745740e-06,7.07745740e-06,5.89788117e+01,0.00000000e+00
nsfet_p,IdVg,-0.6,-0.490000,-0.600000,0.000000,0.000000,4.791,-6.77727256e-06,6.77727256e-06,5.64772713e+01,0.00000000e+00
nsfet_p,IdVg,-0.6,-0.485000,-0.600000,0.000000,0.000000,4.791,-6.48131614e-06,6.48131614e-06,5.40109678e+01,0.00000000e+00
nsfet_p,IdVg,-0.6,-0.480000,-0.600000,0.000000,0.000000,4.791,-6.18979320e-06,6.18979320e-06,5.15816100e+01,0.00000000e+00
nsfet_p,IdVg,-0.6,-0.475000,-0.600000,0.000000,0.000000,4.791,-5.90292512e-06,5.90292512e-06,4.91910427e+01,0.00000000e+00
nsfet_p,IdVg,-0.6,-0.470000,-0.600000,0.000000,0.000000,4.791,-5.62094517e-06,5.62094517e-06,4.68412098e+01,0.00000000e+00
nsfet_p,IdVg,-0.6,-0.465000,-0.600000,0.000000,0.000000,4.791,-5.34409551e-06,5.34409551e-06,4.45341292e+01,0.00000000e+00
nsfet_p,IdVg,-0.6,-0.460000,-0.600000,0.000000,0.000000,4.791,-5.07261461e-06,5.07261461e-06,4.22717884e+01,0.00000000e+00
nsfet_p,IdVg,-0.6,-0.455000,-0.600000,0.000000,0.000000,4.791,-4.80673917e-06,4.80673917e-06,4.00561597e+01,0.00000000e+00
nsfet_p,IdVg,-0.6,-0.450000,-0.600000,0.000000,0.000000,4.791,-4.54670272e-06,4.54670272e-06,3.78891894e+01,0.00000000e+00
nsfet_p,IdVg,-0.6,-0.445000,-0.600000,0.000000,0.000000,4.791,-4.29275469e-06,4.29275469e-06,3.57729557e+01,0.00000000e+00
nsfet_p,IdVg,-0.6,-0.440000,-0.600000,0.000000,0.000000,4.791,-4.04513998e-06,4.04513998e-06,3.37094998e+01,0.00000000e+00
nsfet_p,IdVg,-0.6,-0.435000,-0.600000,0.000000,0.000000,4.791,-3.80411265e-06,3.80411265e-06,3.17009387e+01,0.00000000e+00
nsfet_p,IdVg,-0.6,-0.430000,-0.600000,0.000000,0.000000,4.791,-3.56990785e-06,3.56990785e-06,2.97492321e+01,0.00000000e+00
nsfet_p,IdVg,-0.6,-0.425000,-0.600000,0.000000,0.000000,4.791,-3.34277686e-06,3.34277686e-06,2.78564738e+01,0.00000000e+00
nsfet_p,IdVg,-0.6,-0.420000,-0.600000,0.000000,0.000000,4.791,-3.12296061e-06,3.12296061e-06,2.60246718e+01,0.00000000e+00
nsfet_p,IdVg,-0.6,-0.415000,-0.600000,0.000000,0.000000,4.791,-2.91067651e-06,2.91067651e-06,2.42556376e+01,0.00000000e+00
nsfet_p,IdVg,-0.6,-0.410000,-0.600000,0.000000,0.000000,4.791,-2.70609324e-06,2.70609324e-06,2.25507770e+01,0.00000000e+00
nsfet_p,IdVg,-0.6,-0.405000,-0.600000,0.000000,0.000000,4.791,-2.50936363e-06,2.50936363e-06,2.09113636e+01,0.00000000e+00
nsfet_p,IdVg,-0.6,-0.400000,-0.600000,0.000000,0.000000,4.791,-2.32074967e-06,2.32074967e-06,1.93395806e+01,0.00000000e+00
nsfet_p,IdVg,-0.6,-0.395000,-0.600000,0.000000,0.000000,4.791,-2.14045105e-06,2.14045105e-06,1.78370921e+01,0.00000000e+00
nsfet_p,IdVg,-0.6,-0.390000,-0.600000,0.000000,0.000000,4.791,-1.96862299e-06,1.96862299e-06,1.64051916e+01,0.00000000e+00
nsfet_p,IdVg,-0.6,-0.385000,-0.600000,0.000000,0.000000,4.791,-1.80542103e-06,1.80542103e-06,1.50451753e+01,0.00000000e+00
nsfet_p,IdVg,-0.6,-0.380000,-0.600000,0.000000,0.000000,4.791,-1.65086607e-06,1.65086607e-06,1.37572172e+01,0.00000000e+00
nsfet_p,IdVg,-0.6,-0.375000,-0.600000,0.000000,0.000000,4.791,-1.50493320e-06,1.50493320e-06,1.25411100e+01,0.00000000e+00
nsfet_p,IdVg,-0.6,-0.370000,-0.600000,0.000000,0.000000,4.791,-1.36747811e-06,1.36747811e-06,1.13956509e+01,0.00000000e+00
nsfet_p,IdVg,-0.6,-0.365000,-0.600000,0.000000,0.000000,4.791,-1.23825186e-06,1.23825186e-06,1.03187655e+01,0.00000000e+00
nsfet_p,IdVg,-0.6,-0.360000,-0.600000,0.000000,0.000000,4.791,-1.11726655e-06,1.11726655e-06,9.31055458e+00,0.00000000e+00
nsfet_p,IdVg,-0.6,-0.355000,-0.600000,0.000000,0.000000,4.791,-1.00477900e-06,1.00477900e-06,8.37315835e+00,0.00000000e+00
nsfet_p,IdVg,-0.6,-0.350000,-0.600000,0.000000,0.000000,4.791,-9.00572104e-07,9.00572104e-07,7.50476753e+00,0.00000000e+00
nsfet_p,IdVg,-0.6,-0.345000,-0.600000,0.000000,0.000000,4.791,-8.04304319e-07,8.04304319e-07,6.70253600e+00,0.00000000e+00
nsfet_p,IdVg,-0.6,-0.340000,-0.600000,0.000000,0.000000,4.791,-7.15410968e-07,7.15410968e-07,5.96175807e+00,0.00000000e+00
nsfet_p,IdVg,-0.6,-0.335000,-0.600000,0.000000,0.000000,4.791,-6.33315380e-07,6.33315380e-07,5.27762817e+00,0.00000000e+00
nsfet_p,IdVg,-0.6,-0.330000,-0.600000,0.000000,0.000000,4.791,-5.58242788e-07,5.58242788e-07,4.65202324e+00,0.00000000e+00
nsfet_p,IdVg,-0.6,-0.325000,-0.600000,0.000000,0.000000,4.791,-4.89828599e-07,4.89828599e-07,4.08190499e+00,0.00000000e+00
nsfet_p,IdVg,-0.6,-0.320000,-0.600000,0.000000,0.000000,4.791,-4.27247224e-07,4.27247224e-07,3.56039353e+00,0.00000000e+00
nsfet_p,IdVg,-0.6,-0.315000,-0.600000,0.000000,0.000000,4.791,-3.70347594e-07,3.70347594e-07,3.08622995e+00,0.00000000e+00
nsfet_p,IdVg,-0.6,-0.310000,-0.600000,0.000000,0.000000,4.791,-3.19428200e-07,3.19428200e-07,2.66190167e+00,0.00000000e+00
nsfet_p,IdVg,-0.6,-0.305000,-0.600000,0.000000,0.000000,4.791,-2.74359269e-07,2.74359269e-07,2.28632724e+00,0.00000000e+00
nsfet_p,IdVg,-0.6,-0.300000,-0.600000,0.000000,0.000000,4.791,-2.35009259e-07,2.35009259e-07,1.95841050e+00,0.00000000e+00
nsfet_p,IdVg,-0.6,-0.295000,-0.600000,0.000000,0.000000,4.791,-2.00919546e-07,2.00919546e-07,1.67432955e+00,0.00000000e+00
nsfet_p,IdVg,-0.6,-0.290000,-0.600000,0.000000,0.000000,4.791,-1.71425693e-07,1.71425693e-07,1.42854744e+00,0.00000000e+00
nsfet_p,IdVg,-0.6,-0.285000,-0.600000,0.000000,0.000000,4.791,-1.46025407e-07,1.46025407e-07,1.21687839e+00,0.00000000e+00
nsfet_p,IdVg,-0.6,-0.280000,-0.600000,0.000000,0.000000,4.791,-1.24235699e-07,1.24235699e-07,1.03529749e+00,0.00000000e+00
nsfet_p,IdVg,-0.6,-0.275000,-0.600000,0.000000,0.000000,4.791,-1.05583058e-07,1.05583058e-07,8.79858818e-01,0.00000000e+00
nsfet_p,IdVg,-0.6,-0.270000,-0.600000,0.000000,0.000000,4.791,-8.96450191e-08,8.96450191e-08,7.47041826e-01,0.00000000e+00
nsfet_p,IdVg,-0.6,-0.265000,-0.600000,0.000000,0.000000,4.791,-7.60474280e-08,7.60474280e-08,6.33728567e-01,0.00000000e+00
nsfet_p,IdVg,-0.6,-0.260000,-0.600000,0.000000,0.000000,4.791,-6.44635322e-08,6.44635322e-08,5.37196102e-01,0.00000000e+00
nsfet_p,IdVg,-0.6,-0.255000,-0.600000,0.000000,0.000000,4.791,-5.46093434e-08,5.46093434e-08,4.55077862e-01,0.00000000e+00
nsfet_p,IdVg,-0.6,-0.250000,-0.600000,0.000000,0.000000,4.791,-4.62357268e-08,4.62357268e-08,3.85297724e-01,0.00000000e+00
nsfet_p,IdVg,-0.6,-0.245000,-0.600000,0.000000,0.000000,4.791,-3.91263115e-08,3.91263115e-08,3.26052596e-01,0.00000000e+00
nsfet_p,IdVg,-0.6,-0.240000,-0.600000,0.000000,0.000000,4.791,-3.30945764e-08,3.30945764e-08,2.75788137e-01,0.00000000e+00
nsfet_p,IdVg,-0.6,-0.235000,-0.600000,0.000000,0.000000,4.791,-2.79812604e-08,2.79812604e-08,2.33177170e-01,0.00000000e+00
nsfet_p,IdVg,-0.6,-0.230000,-0.600000,0.000000,0.000000,4.791,-2.36494714e-08,2.36494714e-08,1.97078928e-01,0.00000000e+00
nsfet_p,IdVg,-0.6,-0.225000,-0.600000,0.000000,0.000000,4.791,-1.99818708e-08,1.99818708e-08,1.66515590e-01,0.00000000e+00
nsfet_p,IdVg,-0.6,-0.220000,-0.600000,0.000000,0.000000,4.791,-1.68783155e-08,1.68783155e-08,1.40652629e-01,0.00000000e+00
nsfet_p,IdVg,-0.6,-0.215000,-0.600000,0.000000,0.000000,4.791,-1.42532316e-08,1.42532316e-08,1.18776930e-01,0.00000000e+00
nsfet_p,IdVg,-0.6,-0.210000,-0.600000,0.000000,0.000000,4.791,-1.20337589e-08,1.20337589e-08,1.00281324e-01,0.00000000e+00
nsfet_p,IdVg,-0.6,-0.205000,-0.600000,0.000000,0.000000,4.791,-1.01580070e-08,1.01580070e-08,8.46500580e-02,0.00000000e+00
nsfet_p,IdVg,-0.6,-0.200000,-0.600000,0.000000,0.000000,4.791,-8.57324520e-09,8.57324520e-09,7.14437100e-02,0.00000000e+00
nsfet_p,IdVg,-0.6,-0.195000,-0.600000,0.000000,0.000000,4.791,-7.23476337e-09,7.23476337e-09,6.02896948e-02,0.00000000e+00
nsfet_p,IdVg,-0.6,-0.190000,-0.600000,0.000000,0.000000,4.791,-6.10448785e-09,6.10448785e-09,5.08707321e-02,0.00000000e+00
nsfet_p,IdVg,-0.6,-0.185000,-0.600000,0.000000,0.000000,4.791,-5.15018453e-09,5.15018453e-09,4.29182044e-02,0.00000000e+00
nsfet_p,IdVg,-0.6,-0.180000,-0.600000,0.000000,0.000000,4.791,-4.34466076e-09,4.34466076e-09,3.62055063e-02,0.00000000e+00
nsfet_p,IdVg,-0.6,-0.175000,-0.600000,0.000000,0.000000,4.791,-3.66488844e-09,3.66488844e-09,3.05407370e-02,0.00000000e+00
nsfet_p,IdVg,-0.6,-0.170000,-0.600000,0.000000,0.000000,4.791,-3.09129271e-09,3.09129271e-09,2.57607726e-02,0.00000000e+00
nsfet_p,IdVg,-0.6,-0.165000,-0.600000,0.000000,0.000000,4.791,-2.60729810e-09,2.60729810e-09,2.17274842e-02,0.00000000e+00
nsfet_p,IdVg,-0.6,-0.160000,-0.600000,0.000000,0.000000,4.791,-2.19896743e-09,2.19896743e-09,1.83247286e-02,0.00000000e+00
nsfet_p,IdVg,-0.6,-0.155000,-0.600000,0.000000,0.000000,4.791,-1.85452246e-09,1.85452246e-09,1.54543539e-02,0.00000000e+00
nsfet_p,IdVg,-0.6,-0.150000,-0.600000,0.000000,0.000000,4.791,-1.56402469e-09,1.56402469e-09,1.30335391e-02,0.00000000e+00
nsfet_p,IdVg,-0.6,-0.145000,-0.600000,0.000000,0.000000,4.791,-1.31900984e-09,1.31900984e-09,1.09917486e-02,0.00000000e+00
nsfet_p,IdVg,-0.6,-0.140000,-0.600000,0.000000,0.000000,4.791,-1.11240178e-09,1.11240178e-09,9.27001482e-03,0.00000000e+00
nsfet_p,IdVg,-0.6,-0.135000,-0.600000,0.000000,0.000000,4.791,-9.38149805e-10,9.38149805e-10,7.81791504e-03,0.00000000e+00
nsfet_p,IdVg,-0.6,-0.130000,-0.600000,0.000000,0.000000,4.791,-7.91184160e-10,7.91184160e-10,6.59320134e-03,0.00000000e+00
nsfet_p,IdVg,-0.6,-0.125000,-0.600000,0.000000,0.000000,4.791,-6.67263534e-10,6.67263534e-10,5.56052945e-03,0.00000000e+00
nsfet_p,IdVg,-0.6,-0.120000,-0.600000,0.000000,0.000000,4.791,-5.62755828e-10,5.62755828e-10,4.68963190e-03,0.00000000e+00
nsfet_p,IdVg,-0.6,-0.115000,-0.600000,0.000000,0.000000,4.791,-4.74623419e-10,4.74623419e-10,3.95519515e-03,0.00000000e+00
nsfet_p,IdVg,-0.6,-0.110000,-0.600000,0.000000,0.000000,4.791,-4.00319550e-10,4.00319550e-10,3.33599625e-03,0.00000000e+00
nsfet_p,IdVg,-0.6,-0.105000,-0.600000,0.000000,0.000000,4.791,-3.37671052e-10,3.37671052e-10,2.81392544e-03,0.00000000e+00
nsfet_p,IdVg,-0.6,-0.100000,-0.600000,0.000000,0.000000,4.791,-2.84850064e-10,2.84850064e-10,2.37375053e-03,0.00000000e+00
nsfet_p,IdVg,-0.6,-0.095000,-0.600000,0.000000,0.000000,4.791,-2.40298099e-10,2.40298099e-10,2.00248416e-03,0.00000000e+00
nsfet_p,IdVg,-0.6,-0.090000,-0.600000,0.000000,0.000000,4.791,-2.02744163e-10,2.02744163e-10,1.68953469e-03,0.00000000e+00
nsfet_p,IdVg,-0.6,-0.085000,-0.600000,0.000000,0.000000,4.791,-1.71092583e-10,1.71092583e-10,1.42577153e-03,0.00000000e+00
nsfet_p,IdVg,-0.6,-0.080000,-0.600000,0.000000,0.000000,4.791,-1.44418637e-10,1.44418637e-10,1.20348864e-03,0.00000000e+00
nsfet_p,IdVg,-0.6,-0.075000,-0.600000,0.000000,0.000000,4.791,-1.21912066e-10,1.21912066e-10,1.01593388e-03,0.00000000e+00
nsfet_p,IdVg,-0.6,-0.070000,-0.600000,0.000000,0.000000,4.791,-1.02922108e-10,1.02922108e-10,8.57684235e-04,0.00000000e+00
nsfet_p,IdVg,-0.6,-0.065000,-0.600000,0.000000,0.000000,4.791,-8.69092329e-11,8.69092329e-11,7.24243608e-04,0.00000000e+00
nsfet_p,IdVg,-0.6,-0.060000,-0.600000,0.000000,0.000000,4.791,-7.33997316e-11,7.33997316e-11,6.11664430e-04,0.00000000e+00
nsfet_p,IdVg,-0.6,-0.055000,-0.600000,0.000000,0.000000,4.791,-6.19994306e-11,6.19994306e-11,5.16661921e-04,0.00000000e+00
nsfet_p,IdVg,-0.6,-0.050000,-0.600000,0.000000,0.000000,4.791,-5.23757531e-11,5.23757531e-11,4.36464609e-04,0.00000000e+00
nsfet_p,IdVg,-0.6,-0.045000,-0.600000,0.000000,0.000000,4.791,-4.42469003e-11,4.42469003e-11,3.68724169e-04,0.00000000e+00
nsfet_p,IdVg,-0.6,-0.040000,-0.600000,0.000000,0.000000,4.791,-3.73821985e-11,3.73821985e-11,3.11518321e-04,0.00000000e+00
nsfet_p,IdVg,-0.6,-0.035000,-0.600000,0.000000,0.000000,4.791,-3.15852259e-11,3.15852259e-11,2.63210216e-04,0.00000000e+00
nsfet_p,IdVg,-0.6,-0.030000,-0.600000,0.000000,0.000000,4.791,-2.66873187e-11,2.66873187e-11,2.22394323e-04,0.00000000e+00
nsfet_p,IdVg,-0.6,-0.025000,-0.600000,0.000000,0.000000,4.791,-2.25530344e-11,2.25530344e-11,1.87941953e-04,0.00000000e+00
nsfet_p,IdVg,-0.6,-0.020000,-0.600000,0.000000,0.000000,4.791,-1.90649208e-11,1.90649208e-11,1.58874340e-04,0.00000000e+00
nsfet_p,IdVg,-0.6,-0.015000,-0.600000,0.000000,0.000000,4.791,-1.61230017e-11,1.61230017e-11,1.34358347e-04,0.00000000e+00
nsfet_p,IdVg,-0.6,-0.010000,-0.600000,0.000000,0.000000,4.791,-1.36427278e-11,1.36427278e-11,1.13689398e-04,0.00000000e+00
nsfet_p,IdVg,-0.6,-0.005000,-0.600000,0.000000,0.000000,4.791,-1.15520925e-11,1.15520925e-11,9.62674378e-05,0.00000000e+00
nsfet_p,IdVg,-0.6,0.000000,-0.600000,0.000000,0.000000,4.791,-9.79026460e-12,9.79026460e-12,8.15855383e-05,0.00000000e+00
nsfet_p,IdVd,-0.375,-0.375000,0.000000,0.000000,0.000000,4.791,7.06835461e-21,7.06835461e-21,5.89029550e-14,0.00000000e+00
nsfet_p,IdVd,-0.375,-0.375000,-0.005000,0.000000,0.000000,4.791,-7.01446247e-08,7.01446247e-08,5.84538539e-01,0.00000000e+00
nsfet_p,IdVd,-0.375,-0.375000,-0.010000,0.000000,0.000000,4.791,-1.17564519e-07,1.17564519e-07,9.79704324e-01,0.00000000e+00
nsfet_p,IdVd,-0.375,-0.375000,-0.015000,0.000000,0.000000,4.791,-1.47499000e-07,1.47499000e-07,1.22915834e+00,0.00000000e+00
nsfet_p,IdVd,-0.375,-0.375000,-0.020000,0.000000,0.000000,4.791,-1.65424701e-07,1.65424701e-07,1.37853918e+00,0.00000000e+00
nsfet_p,IdVd,-0.375,-0.375000,-0.025000,0.000000,0.000000,4.791,-1.75606118e-07,1.75606118e-07,1.46338432e+00,0.00000000e+00
nsfet_p,IdVd,-0.375,-0.375000,-0.030000,0.000000,0.000000,4.791,-1.81042683e-07,1.81042683e-07,1.50868903e+00,0.00000000e+00
nsfet_p,IdVd,-0.375,-0.375000,-0.035000,0.000000,0.000000,4.791,-1.83760975e-07,1.83760975e-07,1.53134146e+00,0.00000000e+00
nsfet_p,IdVd,-0.375,-0.375000,-0.040000,0.000000,0.000000,4.791,-1.85054499e-07,1.85054499e-07,1.54212083e+00,0.00000000e+00
nsfet_p,IdVd,-0.375,-0.375000,-0.045000,0.000000,0.000000,4.791,-1.85702230e-07,1.85702230e-07,1.54751858e+00,0.00000000e+00
nsfet_p,IdVd,-0.375,-0.375000,-0.050000,0.000000,0.000000,4.791,-1.86111314e-07,1.86111314e-07,1.55092761e+00,0.00000000e+00
nsfet_p,IdVd,-0.375,-0.375000,-0.055000,0.000000,0.000000,4.791,-1.86507592e-07,1.86507592e-07,1.55422993e+00,0.00000000e+00
nsfet_p,IdVd,-0.375,-0.375000,-0.060000,0.000000,0.000000,4.791,-1.87062174e-07,1.87062174e-07,1.55885145e+00,0.00000000e+00
nsfet_p,IdVd,-0.375,-0.375000,-0.065000,0.000000,0.000000,4.791,-1.87881917e-07,1.87881917e-07,1.56568265e+00,0.00000000e+00
nsfet_p,IdVd,-0.375,-0.375000,-0.070000,0.000000,0.000000,4.791,-1.88954023e-07,1.88954023e-07,1.57461686e+00,0.00000000e+00
nsfet_p,IdVd,-0.375,-0.375000,-0.075000,0.000000,0.000000,4.791,-1.90180407e-07,1.90180407e-07,1.58483672e+00,0.00000000e+00
nsfet_p,IdVd,-0.375,-0.375000,-0.080000,0.000000,0.000000,4.791,-1.91457897e-07,1.91457897e-07,1.59548247e+00,0.00000000e+00
nsfet_p,IdVd,-0.375,-0.375000,-0.085000,0.000000,0.000000,4.791,-1.92727502e-07,1.92727502e-07,1.60606252e+00,0.00000000e+00
nsfet_p,IdVd,-0.375,-0.375000,-0.090000,0.000000,0.000000,4.791,-1.93962292e-07,1.93962292e-07,1.61635244e+00,0.00000000e+00
nsfet_p,IdVd,-0.375,-0.375000,-0.095000,0.000000,0.000000,4.791,-1.95157441e-07,1.95157441e-07,1.62631201e+00,0.00000000e+00
nsfet_p,IdVd,-0.375,-0.375000,-0.100000,0.000000,0.000000,4.791,-1.96318848e-07,1.96318848e-07,1.63599040e+00,0.00000000e+00
nsfet_p,IdVd,-0.375,-0.375000,-0.105000,0.000000,0.000000,4.791,-1.97456883e-07,1.97456883e-07,1.64547403e+00,0.00000000e+00
nsfet_p,IdVd,-0.375,-0.375000,-0.110000,0.000000,0.000000,4.791,-1.98584442e-07,1.98584442e-07,1.65487035e+00,0.00000000e+00
nsfet_p,IdVd,-0.375,-0.375000,-0.115000,0.000000,0.000000,4.791,-1.99712849e-07,1.99712849e-07,1.66427375e+00,0.00000000e+00
nsfet_p,IdVd,-0.375,-0.375000,-0.120000,0.000000,0.000000,4.791,-2.00847946e-07,2.00847946e-07,1.67373288e+00,0.00000000e+00
nsfet_p,IdVd,-0.375,-0.375000,-0.125000,0.000000,0.000000,4.791,-2.01986643e-07,2.01986643e-07,1.68322203e+00,0.00000000e+00
nsfet_p,IdVd,-0.375,-0.375000,-0.130000,0.000000,0.000000,4.791,-2.03119493e-07,2.03119493e-07,1.69266244e+00,0.00000000e+00
nsfet_p,IdVd,-0.375,-0.375000,-0.135000,0.000000,0.000000,4.791,-2.04237586e-07,2.04237586e-07,1.70197988e+00,0.00000000e+00
nsfet_p,IdVd,-0.375,-0.375000,-0.140000,0.000000,0.000000,4.791,-2.05334929e-07,2.05334929e-07,1.71112440e+00,0.00000000e+00
nsfet_p,IdVd,-0.375,-0.375000,-0.145000,0.000000,0.000000,4.791,-2.06408718e-07,2.06408718e-07,1.72007265e+00,0.00000000e+00
nsfet_p,IdVd,-0.375,-0.375000,-0.150000,0.000000,0.000000,4.791,-2.07458604e-07,2.07458604e-07,1.72882170e+00,0.00000000e+00
nsfet_p,IdVd,-0.375,-0.375000,-0.155000,0.000000,0.000000,4.791,-2.08484978e-07,2.08484978e-07,1.73737482e+00,0.00000000e+00
nsfet_p,IdVd,-0.375,-0.375000,-0.160000,0.000000,0.000000,4.791,-2.09488257e-07,2.09488257e-07,1.74573548e+00,0.00000000e+00
nsfet_p,IdVd,-0.375,-0.375000,-0.165000,0.000000,0.000000,4.791,-2.10468971e-07,2.10468971e-07,1.75390809e+00,0.00000000e+00
nsfet_p,IdVd,-0.375,-0.375000,-0.170000,0.000000,0.000000,4.791,-2.11427770e-07,2.11427770e-07,1.76189808e+00,0.00000000e+00
nsfet_p,IdVd,-0.375,-0.375000,-0.175000,0.000000,0.000000,4.791,-2.12365041e-07,2.12365041e-07,1.76970867e+00,0.00000000e+00
nsfet_p,IdVd,-0.375,-0.375000,-0.180000,0.000000,0.000000,4.791,-2.13280939e-07,2.13280939e-07,1.77734116e+00,0.00000000e+00
nsfet_p,IdVd,-0.375,-0.375000,-0.185000,0.000000,0.000000,4.791,-2.14175318e-07,2.14175318e-07,1.78479431e+00,0.00000000e+00
nsfet_p,IdVd,-0.375,-0.375000,-0.190000,0.000000,0.000000,4.791,-2.15047606e-07,2.15047606e-07,1.79206338e+00,0.00000000e+00
nsfet_p,IdVd,-0.375,-0.375000,-0.195000,0.000000,0.000000,4.791,-2.15897343e-07,2.15897343e-07,1.79914452e+00,0.00000000e+00
nsfet_p,IdVd,-0.375,-0.375000,-0.200000,0.000000,0.000000,4.791,-2.16724319e-07,2.16724319e-07,1.80603599e+00,0.00000000e+00
nsfet_p,IdVd,-0.375,-0.375000,-0.205000,0.000000,0.000000,4.791,-2.17529797e-07,2.17529797e-07,1.81274831e+00,0.00000000e+00
nsfet_p,IdVd,-0.375,-0.375000,-0.210000,0.000000,0.000000,4.791,-2.18315616e-07,2.18315616e-07,1.81929680e+00,0.00000000e+00
nsfet_p,IdVd,-0.375,-0.375000,-0.215000,0.000000,0.000000,4.791,-2.19084277e-07,2.19084277e-07,1.82570231e+00,0.00000000e+00
nsfet_p,IdVd,-0.375,-0.375000,-0.220000,0.000000,0.000000,4.791,-2.19838025e-07,2.19838025e-07,1.83198354e+00,0.00000000e+00
nsfet_p,IdVd,-0.375,-0.375000,-0.225000,0.000000,0.000000,4.791,-2.20578960e-07,2.20578960e-07,1.83815800e+00,0.00000000e+00
nsfet_p,IdVd,-0.375,-0.375000,-0.230000,0.000000,0.000000,4.791,-2.21308805e-07,2.21308805e-07,1.84424004e+00,0.00000000e+00
nsfet_p,IdVd,-0.375,-0.375000,-0.235000,0.000000,0.000000,4.791,-2.22028713e-07,2.22028713e-07,1.85023927e+00,0.00000000e+00
nsfet_p,IdVd,-0.375,-0.375000,-0.240000,0.000000,0.000000,4.791,-2.22739728e-07,2.22739728e-07,1.85616440e+00,0.00000000e+00
nsfet_p,IdVd,-0.375,-0.375000,-0.245000,0.000000,0.000000,4.791,-2.23442497e-07,2.23442497e-07,1.86202081e+00,0.00000000e+00
nsfet_p,IdVd,-0.375,-0.375000,-0.250000,0.000000,0.000000,4.791,-2.24137826e-07,2.24137826e-07,1.86781522e+00,0.00000000e+00
nsfet_p,IdVd,-0.375,-0.375000,-0.255000,0.000000,0.000000,4.791,-2.24826393e-07,2.24826393e-07,1.87355328e+00,0.00000000e+00
nsfet_p,IdVd,-0.375,-0.375000,-0.260000,0.000000,0.000000,4.791,-2.25508750e-07,2.25508750e-07,1.87923959e+00,0.00000000e+00
nsfet_p,IdVd,-0.375,-0.375000,-0.265000,0.000000,0.000000,4.791,-2.26185440e-07,2.26185440e-07,1.88487866e+00,0.00000000e+00
nsfet_p,IdVd,-0.375,-0.375000,-0.270000,0.000000,0.000000,4.791,-2.26856895e-07,2.26856895e-07,1.89047413e+00,0.00000000e+00
nsfet_p,IdVd,-0.375,-0.375000,-0.275000,0.000000,0.000000,4.791,-2.27523465e-07,2.27523465e-07,1.89602887e+00,0.00000000e+00
nsfet_p,IdVd,-0.375,-0.375000,-0.280000,0.000000,0.000000,4.791,-2.28185422e-07,2.28185422e-07,1.90154519e+00,0.00000000e+00
nsfet_p,IdVd,-0.375,-0.375000,-0.285000,0.000000,0.000000,4.791,-2.28842975e-07,2.28842975e-07,1.90702479e+00,0.00000000e+00
nsfet_p,IdVd,-0.375,-0.375000,-0.290000,0.000000,0.000000,4.791,-2.29496299e-07,2.29496299e-07,1.91246916e+00,0.00000000e+00
nsfet_p,IdVd,-0.375,-0.375000,-0.295000,0.000000,0.000000,4.791,-2.30145666e-07,2.30145666e-07,1.91788055e+00,0.00000000e+00
nsfet_p,IdVd,-0.375,-0.375000,-0.300000,0.000000,0.000000,4.791,-2.30791216e-07,2.30791216e-07,1.92326013e+00,0.00000000e+00
nsfet_p,IdVd,-0.375,-0.375000,-0.305000,0.000000,0.000000,4.791,-2.31433002e-07,2.31433002e-07,1.92860835e+00,0.00000000e+00
nsfet_p,IdVd,-0.375,-0.375000,-0.310000,0.000000,0.000000,4.791,-2.32071214e-07,2.32071214e-07,1.93392678e+00,0.00000000e+00
nsfet_p,IdVd,-0.375,-0.375000,-0.315000,0.000000,0.000000,4.791,-2.32706025e-07,2.32706025e-07,1.93921687e+00,0.00000000e+00
nsfet_p,IdVd,-0.375,-0.375000,-0.320000,0.000000,0.000000,4.791,-2.33337427e-07,2.33337427e-07,1.94447856e+00,0.00000000e+00
nsfet_p,IdVd,-0.375,-0.375000,-0.325000,0.000000,0.000000,4.791,-2.33965627e-07,2.33965627e-07,1.94971355e+00,0.00000000e+00
nsfet_p,IdVd,-0.375,-0.375000,-0.330000,0.000000,0.000000,4.791,-2.34590670e-07,2.34590670e-07,1.95492225e+00,0.00000000e+00
nsfet_p,IdVd,-0.375,-0.375000,-0.335000,0.000000,0.000000,4.791,-2.35212497e-07,2.35212497e-07,1.96010415e+00,0.00000000e+00
nsfet_p,IdVd,-0.375,-0.375000,-0.340000,0.000000,0.000000,4.791,-2.35831465e-07,2.35831465e-07,1.96526221e+00,0.00000000e+00
nsfet_p,IdVd,-0.375,-0.375000,-0.345000,0.000000,0.000000,4.791,-2.36447749e-07,2.36447749e-07,1.97039791e+00,0.00000000e+00
nsfet_p,IdVd,-0.375,-0.375000,-0.350000,0.000000,0.000000,4.791,-2.37061528e-07,2.37061528e-07,1.97551273e+00,0.00000000e+00
nsfet_p,IdVd,-0.375,-0.375000,-0.355000,0.000000,0.000000,4.791,-2.37672990e-07,2.37672990e-07,1.98060825e+00,0.00000000e+00
nsfet_p,IdVd,-0.375,-0.375000,-0.360000,0.000000,0.000000,4.791,-2.38282402e-07,2.38282402e-07,1.98568669e+00,0.00000000e+00
nsfet_p,IdVd,-0.375,-0.375000,-0.365000,0.000000,0.000000,4.791,-2.38890040e-07,2.38890040e-07,1.99075034e+00,0.00000000e+00
nsfet_p,IdVd,-0.375,-0.375000,-0.370000,0.000000,0.000000,4.791,-2.39496058e-07,2.39496058e-07,1.99580049e+00,0.00000000e+00
nsfet_p,IdVd,-0.375,-0.375000,-0.375000,0.000000,0.000000,4.791,-2.40100757e-07,2.40100757e-07,2.00083965e+00,0.00000000e+00
nsfet_p,IdVd,-0.375,-0.375000,-0.380000,0.000000,0.000000,4.791,-2.40704264e-07,2.40704264e-07,2.00586887e+00,0.00000000e+00
nsfet_p,IdVd,-0.375,-0.375000,-0.385000,0.000000,0.000000,4.791,-2.41306561e-07,2.41306561e-07,2.01088801e+00,0.00000000e+00
nsfet_p,IdVd,-0.375,-0.375000,-0.390000,0.000000,0.000000,4.791,-2.41907956e-07,2.41907956e-07,2.01589963e+00,0.00000000e+00
nsfet_p,IdVd,-0.375,-0.375000,-0.395000,0.000000,0.000000,4.791,-2.42508567e-07,2.42508567e-07,2.02090473e+00,0.00000000e+00
nsfet_p,IdVd,-0.375,-0.375000,-0.400000,0.000000,0.000000,4.791,-2.43108433e-07,2.43108433e-07,2.02590361e+00,0.00000000e+00
nsfet_p,IdVd,-0.375,-0.375000,-0.405000,0.000000,0.000000,4.791,-2.43707517e-07,2.43707517e-07,2.03089598e+00,0.00000000e+00
nsfet_p,IdVd,-0.375,-0.375000,-0.410000,0.000000,0.000000,4.791,-2.44305739e-07,2.44305739e-07,2.03588116e+00,0.00000000e+00
nsfet_p,IdVd,-0.375,-0.375000,-0.415000,0.000000,0.000000,4.791,-2.44903019e-07,2.44903019e-07,2.04085849e+00,0.00000000e+00
nsfet_p,IdVd,-0.375,-0.375000,-0.420000,0.000000,0.000000,4.791,-2.45499385e-07,2.45499385e-07,2.04582821e+00,0.00000000e+00
nsfet_p,IdVd,-0.375,-0.375000,-0.425000,0.000000,0.000000,4.791,-2.46094768e-07,2.46094768e-07,2.05078973e+00,0.00000000e+00
nsfet_p,IdVd,-0.375,-0.375000,-0.430000,0.000000,0.000000,4.791,-2.46689040e-07,2.46689040e-07,2.05574200e+00,0.00000000e+00
nsfet_p,IdVd,-0.375,-0.375000,-0.435000,0.000000,0.000000,4.791,-2.47282151e-07,2.47282151e-07,2.06068459e+00,0.00000000e+00
nsfet_p,IdVd,-0.375,-0.375000,-0.440000,0.000000,0.000000,4.791,-2.47874069e-07,2.47874069e-07,2.06561724e+00,0.00000000e+00
nsfet_p,IdVd,-0.375,-0.375000,-0.445000,0.000000,0.000000,4.791,-2.48464717e-07,2.48464717e-07,2.07053930e+00,0.00000000e+00
nsfet_p,IdVd,-0.375,-0.375000,-0.450000,0.000000,0.000000,4.791,-2.49054024e-07,2.49054024e-07,2.07545020e+00,0.00000000e+00
nsfet_p,IdVd,-0.375,-0.375000,-0.455000,0.000000,0.000000,4.791,-2.49641986e-07,2.49641986e-07,2.08034989e+00,0.00000000e+00
nsfet_p,IdVd,-0.375,-0.375000,-0.460000,0.000000,0.000000,4.791,-2.50228515e-07,2.50228515e-07,2.08523763e+00,0.00000000e+00
nsfet_p,IdVd,-0.375,-0.375000,-0.465000,0.000000,0.000000,4.791,-2.50813618e-07,2.50813618e-07,2.09011349e+00,0.00000000e+00
nsfet_p,IdVd,-0.375,-0.375000,-0.470000,0.000000,0.000000,4.791,-2.51397279e-07,2.51397279e-07,2.09497733e+00,0.00000000e+00
nsfet_p,IdVd,-0.375,-0.375000,-0.475000,0.000000,0.000000,4.791,-2.51979487e-07,2.51979487e-07,2.09982905e+00,0.00000000e+00
nsfet_p,IdVd,-0.375,-0.375000,-0.480000,0.000000,0.000000,4.791,-2.52560235e-07,2.52560235e-07,2.10466862e+00,0.00000000e+00
nsfet_p,IdVd,-0.375,-0.375000,-0.485000,0.000000,0.000000,4.791,-2.53139514e-07,2.53139514e-07,2.10949595e+00,0.00000000e+00
nsfet_p,IdVd,-0.375,-0.375000,-0.490000,0.000000,0.000000,4.791,-2.53717295e-07,2.53717295e-07,2.11431079e+00,0.00000000e+00
nsfet_p,IdVd,-0.375,-0.375000,-0.495000,0.000000,0.000000,4.791,-2.54293577e-07,2.54293577e-07,2.11911314e+00,0.00000000e+00
nsfet_p,IdVd,-0.375,-0.375000,-0.500000,0.000000,0.000000,4.791,-2.54868265e-07,2.54868265e-07,2.12390221e+00,0.00000000e+00
nsfet_p,IdVd,-0.375,-0.375000,-0.505000,0.000000,0.000000,4.791,-2.55441335e-07,2.55441335e-07,2.12867779e+00,0.00000000e+00
nsfet_p,IdVd,-0.375,-0.375000,-0.510000,0.000000,0.000000,4.791,-2.56012878e-07,2.56012878e-07,2.13344065e+00,0.00000000e+00
nsfet_p,IdVd,-0.375,-0.375000,-0.515000,0.000000,0.000000,4.791,-2.56582897e-07,2.56582897e-07,2.13819081e+00,0.00000000e+00
nsfet_p,IdVd,-0.375,-0.375000,-0.520000,0.000000,0.000000,4.791,-2.57151392e-07,2.57151392e-07,2.14292827e+00,0.00000000e+00
nsfet_p,IdVd,-0.375,-0.375000,-0.525000,0.000000,0.000000,4.791,-2.57718339e-07,2.57718339e-07,2.14765282e+00,0.00000000e+00
nsfet_p,IdVd,-0.375,-0.375000,-0.530000,0.000000,0.000000,4.791,-2.58283704e-07,2.58283704e-07,2.15236420e+00,0.00000000e+00
nsfet_p,IdVd,-0.375,-0.375000,-0.535000,0.000000,0.000000,4.791,-2.58847549e-07,2.58847549e-07,2.15706291e+00,0.00000000e+00
nsfet_p,IdVd,-0.375,-0.375000,-0.540000,0.000000,0.000000,4.791,-2.59409888e-07,2.59409888e-07,2.16174906e+00,0.00000000e+00
nsfet_p,IdVd,-0.375,-0.375000,-0.545000,0.000000,0.000000,4.791,-2.59970717e-07,2.59970717e-07,2.16642264e+00,0.00000000e+00
nsfet_p,IdVd,-0.375,-0.375000,-0.550000,0.000000,0.000000,4.791,-2.60530044e-07,2.60530044e-07,2.17108370e+00,0.00000000e+00
nsfet_p,IdVd,-0.375,-0.375000,-0.555000,0.000000,0.000000,4.791,-2.61087864e-07,2.61087864e-07,2.17573220e+00,0.00000000e+00
nsfet_p,IdVd,-0.375,-0.375000,-0.560000,0.000000,0.000000,4.791,-2.61644171e-07,2.61644171e-07,2.18036809e+00,0.00000000e+00
nsfet_p,IdVd,-0.375,-0.375000,-0.565000,0.000000,0.000000,4.791,-2.62198994e-07,2.62198994e-07,2.18499161e+00,0.00000000e+00
nsfet_p,IdVd,-0.375,-0.375000,-0.570000,0.000000,0.000000,4.791,-2.62752335e-07,2.62752335e-07,2.18960280e+00,0.00000000e+00
nsfet_p,IdVd,-0.375,-0.375000,-0.575000,0.000000,0.000000,4.791,-2.63304201e-07,2.63304201e-07,2.19420168e+00,0.00000000e+00
nsfet_p,IdVd,-0.375,-0.375000,-0.580000,0.000000,0.000000,4.791,-2.63854583e-07,2.63854583e-07,2.19878819e+00,0.00000000e+00
nsfet_p,IdVd,-0.375,-0.375000,-0.585000,0.000000,0.000000,4.791,-2.64403478e-07,2.64403478e-07,2.20336231e+00,0.00000000e+00
nsfet_p,IdVd,-0.375,-0.375000,-0.590000,0.000000,0.000000,4.791,-2.64950899e-07,2.64950899e-07,2.20792416e+00,0.00000000e+00
nsfet_p,IdVd,-0.375,-0.375000,-0.595000,0.000000,0.000000,4.791,-2.65496863e-07,2.65496863e-07,2.21247386e+00,0.00000000e+00
nsfet_p,IdVd,-0.375,-0.375000,-0.600000,0.000000,0.000000,4.791,-2.66041324e-07,2.66041324e-07,2.21701103e+00,0.00000000e+00
nsfet_p,IdVd,-0.6,-0.600000,0.000000,0.000000,0.000000,4.791,-6.76726482e-22,6.76726482e-22,5.63938735e-15,0.00000000e+00
nsfet_p,IdVd,-0.6,-0.600000,-0.005000,0.000000,0.000000,4.791,-1.14419845e-06,1.14419845e-06,9.53498705e+00,0.00000000e+00
nsfet_p,IdVd,-0.6,-0.600000,-0.010000,0.000000,0.000000,4.791,-2.21748639e-06,2.21748639e-06,1.84790533e+01,0.00000000e+00
nsfet_p,IdVd,-0.6,-0.600000,-0.015000,0.000000,0.000000,4.791,-3.21549693e-06,3.21549693e-06,2.67958078e+01,0.00000000e+00
nsfet_p,IdVd,-0.6,-0.600000,-0.020000,0.000000,0.000000,4.791,-4.13843663e-06,4.13843663e-06,3.44869719e+01,0.00000000e+00
nsfet_p,IdVd,-0.6,-0.600000,-0.025000,0.000000,0.000000,4.791,-4.98826385e-06,4.98826385e-06,4.15688654e+01,0.00000000e+00
nsfet_p,IdVd,-0.6,-0.600000,-0.030000,0.000000,0.000000,4.791,-5.76788660e-06,5.76788660e-06,4.80657217e+01,0.00000000e+00
nsfet_p,IdVd,-0.6,-0.600000,-0.035000,0.000000,0.000000,4.791,-6.48080180e-06,6.48080180e-06,5.40066816e+01,0.00000000e+00
nsfet_p,IdVd,-0.6,-0.600000,-0.040000,0.000000,0.000000,4.791,-7.13073856e-06,7.13073856e-06,5.94228213e+01,0.00000000e+00
nsfet_p,IdVd,-0.6,-0.600000,-0.045000,0.000000,0.000000,4.791,-7.72149469e-06,7.72149469e-06,6.43457891e+01,0.00000000e+00
nsfet_p,IdVd,-0.6,-0.600000,-0.050000,0.000000,0.000000,4.791,-8.25686677e-06,8.25686677e-06,6.88072231e+01,0.00000000e+00
nsfet_p,IdVd,-0.6,-0.600000,-0.055000,0.000000,0.000000,4.791,-8.74061320e-06,8.74061320e-06,7.28384433e+01,0.00000000e+00
nsfet_p,IdVd,-0.6,-0.600000,-0.060000,0.000000,0.000000,4.791,-9.17643020e-06,9.17643020e-06,7.64702517e+01,0.00000000e+00
nsfet_p,IdVd,-0.6,-0.600000,-0.065000,0.000000,0.000000,4.791,-9.56791934e-06,9.56791934e-06,7.97326611e+01,0.00000000e+00
nsfet_p,IdVd,-0.6,-0.600000,-0.070000,0.000000,0.000000,4.791,-9.91859388e-06,9.91859388e-06,8.26549490e+01,0.00000000e+00
nsfet_p,IdVd,-0.6,-0.600000,-0.075000,0.000000,0.000000,4.791,-1.02318412e-05,1.02318412e-05,8.52653437e+01,0.00000000e+00
nsfet_p,IdVd,-0.6,-0.600000,-0.080000,0.000000,0.000000,4.791,-1.05108438e-05,1.05108438e-05,8.75903648e+01,0.00000000e+00
nsfet_p,IdVd,-0.6,-0.600000,-0.085000,0.000000,0.000000,4.791,-1.07586912e-05,1.07586912e-05,8.96557596e+01,0.00000000e+00
nsfet_p,IdVd,-0.6,-0.600000,-0.090000,0.000000,0.000000,4.791,-1.09783431e-05,1.09783431e-05,9.14861922e+01,0.00000000e+00
nsfet_p,IdVd,-0.6,-0.600000,-0.095000,0.000000,0.000000,4.791,-1.11726315e-05,1.11726315e-05,9.31052625e+01,0.00000000e+00
nsfet_p,IdVd,-0.6,-0.600000,-0.100000,0.000000,0.000000,4.791,-1.13442972e-05,1.13442972e-05,9.45358103e+01,0.00000000e+00
nsfet_p,IdVd,-0.6,-0.600000,-0.105000,0.000000,0.000000,4.791,-1.14959973e-05,1.14959973e-05,9.57999774e+01,0.00000000e+00
nsfet_p,IdVd,-0.6,-0.600000,-0.110000,0.000000,0.000000,4.791,-1.16303040e-05,1.16303040e-05,9.69191998e+01,0.00000000e+00
nsfet_p,IdVd,-0.6,-0.600000,-0.115000,0.000000,0.000000,4.791,-1.17497013e-05,1.17497013e-05,9.79141774e+01,0.00000000e+00
nsfet_p,IdVd,-0.6,-0.600000,-0.120000,0.000000,0.000000,4.791,-1.18565464e-05,1.18565464e-05,9.88045529e+01,0.00000000e+00
nsfet_p,IdVd,-0.6,-0.600000,-0.125000,0.000000,0.000000,4.791,-1.19530181e-05,1.19530181e-05,9.96084840e+01,0.00000000e+00
nsfet_p,IdVd,-0.6,-0.600000,-0.130000,0.000000,0.000000,4.791,-1.20410540e-05,1.20410540e-05,1.00342117e+02,0.00000000e+00
nsfet_p,IdVd,-0.6,-0.600000,-0.135000,0.000000,0.000000,4.791,-1.21223144e-05,1.21223144e-05,1.01019287e+02,0.00000000e+00
nsfet_p,IdVd,-0.6,-0.600000,-0.140000,0.000000,0.000000,4.791,-1.21981627e-05,1.21981627e-05,1.01651356e+02,0.00000000e+00
nsfet_p,IdVd,-0.6,-0.600000,-0.145000,0.000000,0.000000,4.791,-1.22697125e-05,1.22697125e-05,1.02247604e+02,0.00000000e+00
nsfet_p,IdVd,-0.6,-0.600000,-0.150000,0.000000,0.000000,4.791,-1.23377755e-05,1.23377755e-05,1.02814796e+02,0.00000000e+00
nsfet_p,IdVd,-0.6,-0.600000,-0.155000,0.000000,0.000000,4.791,-1.24029381e-05,1.24029381e-05,1.03357818e+02,0.00000000e+00
nsfet_p,IdVd,-0.6,-0.600000,-0.160000,0.000000,0.000000,4.791,-1.24656015e-05,1.24656015e-05,1.03880012e+02,0.00000000e+00
nsfet_p,IdVd,-0.6,-0.600000,-0.165000,0.000000,0.000000,4.791,-1.25260327e-05,1.25260327e-05,1.04383606e+02,0.00000000e+00
nsfet_p,IdVd,-0.6,-0.600000,-0.170000,0.000000,0.000000,4.791,-1.25843957e-05,1.25843957e-05,1.04869965e+02,0.00000000e+00
nsfet_p,IdVd,-0.6,-0.600000,-0.175000,0.000000,0.000000,4.791,-1.26408043e-05,1.26408043e-05,1.05340036e+02,0.00000000e+00
nsfet_p,IdVd,-0.6,-0.600000,-0.180000,0.000000,0.000000,4.791,-1.26953199e-05,1.26953199e-05,1.05794332e+02,0.00000000e+00
nsfet_p,IdVd,-0.6,-0.600000,-0.185000,0.000000,0.000000,4.791,-1.27479688e-05,1.27479688e-05,1.06233073e+02,0.00000000e+00
nsfet_p,IdVd,-0.6,-0.600000,-0.190000,0.000000,0.000000,4.791,-1.27987893e-05,1.27987893e-05,1.06656578e+02,0.00000000e+00
nsfet_p,IdVd,-0.6,-0.600000,-0.195000,0.000000,0.000000,4.791,-1.28477959e-05,1.28477959e-05,1.07064966e+02,0.00000000e+00
nsfet_p,IdVd,-0.6,-0.600000,-0.200000,0.000000,0.000000,4.791,-1.28950093e-05,1.28950093e-05,1.07458411e+02,0.00000000e+00
nsfet_p,IdVd,-0.6,-0.600000,-0.205000,0.000000,0.000000,4.791,-1.29404378e-05,1.29404378e-05,1.07836981e+02,0.00000000e+00
nsfet_p,IdVd,-0.6,-0.600000,-0.210000,0.000000,0.000000,4.791,-1.29841243e-05,1.29841243e-05,1.08201036e+02,0.00000000e+00
nsfet_p,IdVd,-0.6,-0.600000,-0.215000,0.000000,0.000000,4.791,-1.30261037e-05,1.30261037e-05,1.08550864e+02,0.00000000e+00
nsfet_p,IdVd,-0.6,-0.600000,-0.220000,0.000000,0.000000,4.791,-1.30664065e-05,1.30664065e-05,1.08886720e+02,0.00000000e+00
nsfet_p,IdVd,-0.6,-0.600000,-0.225000,0.000000,0.000000,4.791,-1.31050787e-05,1.31050787e-05,1.09208989e+02,0.00000000e+00
nsfet_p,IdVd,-0.6,-0.600000,-0.230000,0.000000,0.000000,4.791,-1.31421609e-05,1.31421609e-05,1.09518008e+02,0.00000000e+00
nsfet_p,IdVd,-0.6,-0.600000,-0.235000,0.000000,0.000000,4.791,-1.31777046e-05,1.31777046e-05,1.09814205e+02,0.00000000e+00
nsfet_p,IdVd,-0.6,-0.600000,-0.240000,0.000000,0.000000,4.791,-1.32117588e-05,1.32117588e-05,1.10097990e+02,0.00000000e+00
nsfet_p,IdVd,-0.6,-0.600000,-0.245000,0.000000,0.000000,4.791,-1.32443682e-05,1.32443682e-05,1.10369735e+02,0.00000000e+00
nsfet_p,IdVd,-0.6,-0.600000,-0.250000,0.000000,0.000000,4.791,-1.32755792e-05,1.32755792e-05,1.10629826e+02,0.00000000e+00
nsfet_p,IdVd,-0.6,-0.600000,-0.255000,0.000000,0.000000,4.791,-1.33054465e-05,1.33054465e-05,1.10878721e+02,0.00000000e+00
nsfet_p,IdVd,-0.6,-0.600000,-0.260000,0.000000,0.000000,4.791,-1.33340196e-05,1.33340196e-05,1.11116830e+02,0.00000000e+00
nsfet_p,IdVd,-0.6,-0.600000,-0.265000,0.000000,0.000000,4.791,-1.33613495e-05,1.33613495e-05,1.11344579e+02,0.00000000e+00
nsfet_p,IdVd,-0.6,-0.600000,-0.270000,0.000000,0.000000,4.791,-1.33874893e-05,1.33874893e-05,1.11562411e+02,0.00000000e+00
nsfet_p,IdVd,-0.6,-0.600000,-0.275000,0.000000,0.000000,4.791,-1.34124875e-05,1.34124875e-05,1.11770729e+02,0.00000000e+00
nsfet_p,IdVd,-0.6,-0.600000,-0.280000,0.000000,0.000000,4.791,-1.34363947e-05,1.34363947e-05,1.11969955e+02,0.00000000e+00
nsfet_p,IdVd,-0.6,-0.600000,-0.285000,0.000000,0.000000,4.791,-1.34592576e-05,1.34592576e-05,1.12160480e+02,0.00000000e+00
nsfet_p,IdVd,-0.6,-0.600000,-0.290000,0.000000,0.000000,4.791,-1.34811245e-05,1.34811245e-05,1.12342704e+02,0.00000000e+00
nsfet_p,IdVd,-0.6,-0.600000,-0.295000,0.000000,0.000000,4.791,-1.35020409e-05,1.35020409e-05,1.12517007e+02,0.00000000e+00
nsfet_p,IdVd,-0.6,-0.600000,-0.300000,0.000000,0.000000,4.791,-1.35220527e-05,1.35220527e-05,1.12683773e+02,0.00000000e+00
nsfet_p,IdVd,-0.6,-0.600000,-0.305000,0.000000,0.000000,4.791,-1.35412026e-05,1.35412026e-05,1.12843355e+02,0.00000000e+00
nsfet_p,IdVd,-0.6,-0.600000,-0.310000,0.000000,0.000000,4.791,-1.35595337e-05,1.35595337e-05,1.12996114e+02,0.00000000e+00
nsfet_p,IdVd,-0.6,-0.600000,-0.315000,0.000000,0.000000,4.791,-1.35770871e-05,1.35770871e-05,1.13142393e+02,0.00000000e+00
nsfet_p,IdVd,-0.6,-0.600000,-0.320000,0.000000,0.000000,4.791,-1.35939025e-05,1.35939025e-05,1.13282521e+02,0.00000000e+00
nsfet_p,IdVd,-0.6,-0.600000,-0.325000,0.000000,0.000000,4.791,-1.36100182e-05,1.36100182e-05,1.13416819e+02,0.00000000e+00
nsfet_p,IdVd,-0.6,-0.600000,-0.330000,0.000000,0.000000,4.791,-1.36254704e-05,1.36254704e-05,1.13545587e+02,0.00000000e+00
nsfet_p,IdVd,-0.6,-0.600000,-0.335000,0.000000,0.000000,4.791,-1.36402962e-05,1.36402962e-05,1.13669135e+02,0.00000000e+00
nsfet_p,IdVd,-0.6,-0.600000,-0.340000,0.000000,0.000000,4.791,-1.36545287e-05,1.36545287e-05,1.13787739e+02,0.00000000e+00
nsfet_p,IdVd,-0.6,-0.600000,-0.345000,0.000000,0.000000,4.791,-1.36681992e-05,1.36681992e-05,1.13901660e+02,0.00000000e+00
nsfet_p,IdVd,-0.6,-0.600000,-0.350000,0.000000,0.000000,4.791,-1.36813403e-05,1.36813403e-05,1.14011169e+02,0.00000000e+00
nsfet_p,IdVd,-0.6,-0.600000,-0.355000,0.000000,0.000000,4.791,-1.36939799e-05,1.36939799e-05,1.14116499e+02,0.00000000e+00
nsfet_p,IdVd,-0.6,-0.600000,-0.360000,0.000000,0.000000,4.791,-1.37061440e-05,1.37061440e-05,1.14217866e+02,0.00000000e+00
nsfet_p,IdVd,-0.6,-0.600000,-0.365000,0.000000,0.000000,4.791,-1.37178613e-05,1.37178613e-05,1.14315511e+02,0.00000000e+00
nsfet_p,IdVd,-0.6,-0.600000,-0.370000,0.000000,0.000000,4.791,-1.37291568e-05,1.37291568e-05,1.14409640e+02,0.00000000e+00
nsfet_p,IdVd,-0.6,-0.600000,-0.375000,0.000000,0.000000,4.791,-1.37400563e-05,1.37400563e-05,1.14500469e+02,0.00000000e+00
nsfet_p,IdVd,-0.6,-0.600000,-0.380000,0.000000,0.000000,4.791,-1.37505813e-05,1.37505813e-05,1.14588177e+02,0.00000000e+00
nsfet_p,IdVd,-0.6,-0.600000,-0.385000,0.000000,0.000000,4.791,-1.37607515e-05,1.37607515e-05,1.14672929e+02,0.00000000e+00
nsfet_p,IdVd,-0.6,-0.600000,-0.390000,0.000000,0.000000,4.791,-1.37705886e-05,1.37705886e-05,1.14754905e+02,0.00000000e+00
nsfet_p,IdVd,-0.6,-0.600000,-0.395000,0.000000,0.000000,4.791,-1.37801103e-05,1.37801103e-05,1.14834252e+02,0.00000000e+00
nsfet_p,IdVd,-0.6,-0.600000,-0.400000,0.000000,0.000000,4.791,-1.37893347e-05,1.37893347e-05,1.14911123e+02,0.00000000e+00
nsfet_p,IdVd,-0.6,-0.600000,-0.405000,0.000000,0.000000,4.791,-1.37982783e-05,1.37982783e-05,1.14985652e+02,0.00000000e+00
nsfet_p,IdVd,-0.6,-0.600000,-0.410000,0.000000,0.000000,4.791,-1.38069585e-05,1.38069585e-05,1.15057988e+02,0.00000000e+00
nsfet_p,IdVd,-0.6,-0.600000,-0.415000,0.000000,0.000000,4.791,-1.38153904e-05,1.38153904e-05,1.15128253e+02,0.00000000e+00
nsfet_p,IdVd,-0.6,-0.600000,-0.420000,0.000000,0.000000,4.791,-1.38235874e-05,1.38235874e-05,1.15196562e+02,0.00000000e+00
nsfet_p,IdVd,-0.6,-0.600000,-0.425000,0.000000,0.000000,4.791,-1.38315625e-05,1.38315625e-05,1.15263021e+02,0.00000000e+00
nsfet_p,IdVd,-0.6,-0.600000,-0.430000,0.000000,0.000000,4.791,-1.38393277e-05,1.38393277e-05,1.15327730e+02,0.00000000e+00
nsfet_p,IdVd,-0.6,-0.600000,-0.435000,0.000000,0.000000,4.791,-1.38468920e-05,1.38468920e-05,1.15390766e+02,0.00000000e+00
nsfet_p,IdVd,-0.6,-0.600000,-0.440000,0.000000,0.000000,4.791,-1.38542673e-05,1.38542673e-05,1.15452227e+02,0.00000000e+00
nsfet_p,IdVd,-0.6,-0.600000,-0.445000,0.000000,0.000000,4.791,-1.38614644e-05,1.38614644e-05,1.15512203e+02,0.00000000e+00
nsfet_p,IdVd,-0.6,-0.600000,-0.450000,0.000000,0.000000,4.791,-1.38684921e-05,1.38684921e-05,1.15570767e+02,0.00000000e+00
nsfet_p,IdVd,-0.6,-0.600000,-0.455000,0.000000,0.000000,4.791,-1.38753592e-05,1.38753592e-05,1.15627993e+02,0.00000000e+00
nsfet_p,IdVd,-0.6,-0.600000,-0.460000,0.000000,0.000000,4.791,-1.38820743e-05,1.38820743e-05,1.15683953e+02,0.00000000e+00
nsfet_p,IdVd,-0.6,-0.600000,-0.465000,0.000000,0.000000,4.791,-1.38886448e-05,1.38886448e-05,1.15738707e+02,0.00000000e+00
nsfet_p,IdVd,-0.6,-0.600000,-0.470000,0.000000,0.000000,4.791,-1.38950779e-05,1.38950779e-05,1.15792316e+02,0.00000000e+00
nsfet_p,IdVd,-0.6,-0.600000,-0.475000,0.000000,0.000000,4.791,-1.39013789e-05,1.39013789e-05,1.15844824e+02,0.00000000e+00
nsfet_p,IdVd,-0.6,-0.600000,-0.480000,0.000000,0.000000,4.791,-1.39075542e-05,1.39075542e-05,1.15896285e+02,0.00000000e+00
nsfet_p,IdVd,-0.6,-0.600000,-0.485000,0.000000,0.000000,4.791,-1.39136103e-05,1.39136103e-05,1.15946752e+02,0.00000000e+00
nsfet_p,IdVd,-0.6,-0.600000,-0.490000,0.000000,0.000000,4.791,-1.39195529e-05,1.39195529e-05,1.15996274e+02,0.00000000e+00
nsfet_p,IdVd,-0.6,-0.600000,-0.495000,0.000000,0.000000,4.791,-1.39253873e-05,1.39253873e-05,1.16044895e+02,0.00000000e+00
nsfet_p,IdVd,-0.6,-0.600000,-0.500000,0.000000,0.000000,4.791,-1.39311182e-05,1.39311182e-05,1.16092652e+02,0.00000000e+00
nsfet_p,IdVd,-0.6,-0.600000,-0.505000,0.000000,0.000000,4.791,-1.39367502e-05,1.39367502e-05,1.16139585e+02,0.00000000e+00
nsfet_p,IdVd,-0.6,-0.600000,-0.510000,0.000000,0.000000,4.791,-1.39422876e-05,1.39422876e-05,1.16185730e+02,0.00000000e+00
nsfet_p,IdVd,-0.6,-0.600000,-0.515000,0.000000,0.000000,4.791,-1.39477342e-05,1.39477342e-05,1.16231118e+02,0.00000000e+00
nsfet_p,IdVd,-0.6,-0.600000,-0.520000,0.000000,0.000000,4.791,-1.39530933e-05,1.39530933e-05,1.16275778e+02,0.00000000e+00
nsfet_p,IdVd,-0.6,-0.600000,-0.525000,0.000000,0.000000,4.791,-1.39583695e-05,1.39583695e-05,1.16319746e+02,0.00000000e+00
nsfet_p,IdVd,-0.6,-0.600000,-0.530000,0.000000,0.000000,4.791,-1.39635646e-05,1.39635646e-05,1.16363038e+02,0.00000000e+00
nsfet_p,IdVd,-0.6,-0.600000,-0.535000,0.000000,0.000000,4.791,-1.39686826e-05,1.39686826e-05,1.16405688e+02,0.00000000e+00
nsfet_p,IdVd,-0.6,-0.600000,-0.540000,0.000000,0.000000,4.791,-1.39737273e-05,1.39737273e-05,1.16447728e+02,0.00000000e+00
nsfet_p,IdVd,-0.6,-0.600000,-0.545000,0.000000,0.000000,4.791,-1.39787016e-05,1.39787016e-05,1.16489180e+02,0.00000000e+00
nsfet_p,IdVd,-0.6,-0.600000,-0.550000,0.000000,0.000000,4.791,-1.39836081e-05,1.39836081e-05,1.16530068e+02,0.00000000e+00
nsfet_p,IdVd,-0.6,-0.600000,-0.555000,0.000000,0.000000,4.791,-1.39884495e-05,1.39884495e-05,1.16570413e+02,0.00000000e+00
nsfet_p,IdVd,-0.6,-0.600000,-0.560000,0.000000,0.000000,4.791,-1.39932282e-05,1.39932282e-05,1.16610235e+02,0.00000000e+00
nsfet_p,IdVd,-0.6,-0.600000,-0.565000,0.000000,0.000000,4.791,-1.39979467e-05,1.39979467e-05,1.16649556e+02,0.00000000e+00
nsfet_p,IdVd,-0.6,-0.600000,-0.570000,0.000000,0.000000,4.791,-1.40026073e-05,1.40026073e-05,1.16688394e+02,0.00000000e+00
nsfet_p,IdVd,-0.6,-0.600000,-0.575000,0.000000,0.000000,4.791,-1.40072119e-05,1.40072119e-05,1.16726766e+02,0.00000000e+00
nsfet_p,IdVd,-0.6,-0.600000,-0.580000,0.000000,0.000000,4.791,-1.40117629e-05,1.40117629e-05,1.16764691e+02,0.00000000e+00
nsfet_p,IdVd,-0.6,-0.600000,-0.585000,0.000000,0.000000,4.791,-1.40162621e-05,1.40162621e-05,1.16802184e+02,0.00000000e+00
nsfet_p,IdVd,-0.6,-0.600000,-0.590000,0.000000,0.000000,4.791,-1.40207111e-05,1.40207111e-05,1.16839260e+02,0.00000000e+00
nsfet_p,IdVd,-0.6,-0.600000,-0.595000,0.000000,0.000000,4.791,-1.40251119e-05,1.40251119e-05,1.16875932e+02,0.00000000e+00
nsfet_p,IdVd,-0.6,-0.600000,-0.600000,0.000000,0.000000,4.791,-1.40294658e-05,1.40294658e-05,1.16912215e+02,0.00000000e+00
